,brand,sub_brand,model,owner,kms,price,cc,location,updated_date
0,TVS,Scooty,2012,1st,"10,000","12,000",,Hyderabad ,07-Dec-22
1,Bajaj,Pulsar,2010,2nd,"50,000","35,000",150,Hyderabad ,07-Dec-22
2,Honda,CB,2017,1st,"59,000","75,000",,Hyderabad ,06-Dec-22
3,TVS,Scooty,2019,1st,"9,000","45,000",,Hyderabad ,06-Dec-22
4,Yamaha,Fascino,2016,1st,"25,000","25,000",110,Hyderabad ,05-Dec-22
5,Honda,Activa,2016,1st,"25,000","35,000",,Hyderabad ,05-Dec-22
6,Honda,Shine,2009,1st,"75,000","35,000",,Hyderabad ,05-Dec-22
7,Honda,Activa,2015,1st,"12,500","42,000",,Hyderabad ,05-Dec-22
8,TVS,Star,2018,1st,"29,000","45,000",,Hyderabad ,05-Dec-22
9,Honda,Activa,2017,1st,"61,000","65,000",,Hyderabad ,05-Dec-22
10,Hero,Xpulse,2021,1st,"10,600","1,10,000",200,Hyderabad ,02-Dec-22
11,Suzuki,Gixxer,2018,1st,"30,000","75,000",,Hyderabad ,02-Dec-22
12,Honda,Activa,2019,1st,"25,000","80,000",,Hyderabad ,02-Dec-22
13,Royal,Enfield,2019,2nd,"19,400","2,30,000",650,Hyderabad ,02-Dec-22
14,Aprilia,SR,2016,2nd,"35,000","50,000",150,Hyderabad ,01-Dec-22
15,Yamaha,FZ16,2016,2nd,"25,535","65,000",,Hyderabad ,01-Dec-22
16,Yezdi,Roadster,2022,1st,"4,500","2,20,000",,Hyderabad ,01-Dec-22
17,Yamaha,FZ,2018,1st,"65,500","68,000",,Hyderabad ,29-Nov-22
18,Hero,Honda,2009,2nd,"33,345","29,000",,Hyderabad ,29-Nov-22
19,Suzuki,Gixxer,2015,1st,"25,000","60,000",,Hyderabad ,29-Nov-22
20,TVS,Apache,2018,1st,"30,000","80,000",200,Hyderabad ,29-Nov-22
21,Royal,Enfield,2018,1st,"31,400","1,45,000",,Hyderabad ,29-Nov-22
22,Hero,Honda,2009,1st,"33,000","30,000",,Hyderabad ,27-Nov-22
23,Honda,Activa,2011,1st,"12,000","30,000",,Hyderabad ,27-Nov-22
24,Yamaha,FZ,2015,1st,"50,000","40,000",,Hyderabad ,27-Nov-22
25,Suzuki,Intruder,2019,2nd,"16,000","80,000",150,Hyderabad ,24-Nov-22
26,Bajaj,Pulsar,2017,1st,"18,000","69,000",150,Hyderabad ,24-Nov-22
27,Bajaj,Pulsar,2021,1st,"14,000","1,45,000",,Hyderabad ,24-Nov-22
28,Bajaj,Dominar,2020,1st,"17,000","1,60,000",250,Hyderabad ,24-Nov-22
29,Royal,Enfield,2020,1st,"15,597","1,95,000",350,Hyderabad ,24-Nov-22
30,Vespa,S,2015,1st,"30,000","50,000",,Hyderabad ,24-Nov-22
31,Jawa,Standard,2019,1st,"22,000","1,50,000",,Hyderabad ,24-Nov-22
32,Jawa,42,2022,1st,850,"3,00,000",,Hyderabad ,24-Nov-22
33,Hero,Pleasure,2007,2nd,"49,000","20,000",,Hyderabad ,23-Nov-22
34,Hero,Destini,2018,1st,"30,000","50,000",125,Hyderabad ,23-Nov-22
35,Yamaha,FZ,2018,1st,"21,000","1,00,000",,Hyderabad ,23-Nov-22
36,Royal,Enfield,2022,1st,74,"3,50,000",650,Hyderabad ,21-Nov-22
37,Hero,CBZ,2009,1st,"8,000","30,000",,Hyderabad ,21-Nov-22
38,Hero,Hunk,2015,2nd,"65,000","45,000",,Hyderabad ,21-Nov-22
39,Hero,Xpulse,2021,1st,"6,500","1,30,000",200,Hyderabad ,19-Nov-22
40,Royal,Enfield,2022,1st,"1,300","2,40,000",350,Hyderabad ,19-Nov-22
41,TVS,Apache,2018,1st,"10,000","60,000",160,Hyderabad ,18-Nov-22
42,Bajaj,Discover,2014,1st,"25,000","50,000",100,Hyderabad ,18-Nov-22
43,Hero,Passion,2014,1st,"25,000","30,000",,Hyderabad ,16-Nov-22
44,TVS,Apache,2013,1st,"92,000","35,000",160,Hyderabad ,16-Nov-22
45,Honda,Shine,2014,1st,"50,000","50,000",,Hyderabad ,14-Nov-22
46,Suzuki,Gixxer,2015,1st,"62,000","50,000",,Hyderabad ,14-Nov-22
47,Yamaha,FZ,2022,1st,"9,100","1,40,000",,Hyderabad ,12-Nov-22
48,Bajaj,Pulsar,2021,1st,"11,000","1,40,000",,Hyderabad ,10-Nov-22
49,KTM,RC,2017,2nd,"39,000","1,65,000",200,Hyderabad ,10-Nov-22
50,Benelli,Leoncino,2020,1st,"9,800","6,00,000",500,Hyderabad ,10-Nov-22
51,Jawa,42,2021,1st,"5,000","1,70,000",,Hyderabad ,10-Nov-22
52,Yamaha,R15,2022,1st,504,"2,10,000",,Hyderabad ,10-Nov-22
53,Hero,Xpulse,2022,1st,"6,885","1,55,000",200,Hyderabad ,10-Nov-22
54,Ducati,Scrambler,2019,2nd,"2,800","7,00,000",,Hyderabad ,10-Nov-22
55,CFMoto,650NK,2021,2nd,750,"3,60,000",,Hyderabad ,10-Nov-22
56,Aprilia,SR150,2018,1st,"53,000","72,000",,Hyderabad ,10-Nov-22
57,TVS,Apache,2021,1st,"7,000","2,60,000",,Hyderabad ,10-Nov-22
58,TVS,Scooty,2014,1st,"27,000","25,000",,Hyderabad ,08-Nov-22
59,Suzuki,Gixxer,2015,2nd,"34,000","40,000",,Hyderabad ,08-Nov-22
60,Royal,Enfield,2014,1st,"19,000","1,10,000",,Hyderabad ,08-Nov-22
61,Hero,Pleasure,2013,1st,"40,000","25,000",,Hyderabad ,08-Nov-22
62,Honda,Dream,2015,1st,"64,000","35,000",,Hyderabad ,08-Nov-22
63,TVS,Star,2017,1st,"70,412","45,000",,Hyderabad ,08-Nov-22
64,Hero,Glamour,2019,3rd,"90,000","45,000",125,Hyderabad ,08-Nov-22
65,TVS,Apache,2016,2nd,"31,000","50,000",160,Hyderabad ,08-Nov-22
66,Yamaha,FZ,2014,1st,"31,000","60,000",,Hyderabad ,08-Nov-22
67,Honda,Activa,2018,1st,"3,600","65,000",,Hyderabad ,08-Nov-22
68,Honda,Activa,2018,1st,"36,000","65,000",,Hyderabad ,08-Nov-22
69,Honda,CB,2017,1st,"60,000","70,000",,Hyderabad ,08-Nov-22
70,Bajaj,Avenger,2020,1st,"7,000","90,000",160,Hyderabad ,08-Nov-22
71,Bajaj,Pulsar,2019,1st,"22,000","90,000",180,Hyderabad ,08-Nov-22
72,Hero,Xpulse,2019,1st,"14,050","98,000",,Hyderabad ,08-Nov-22
73,Royal,Enfield,2015,1st,"38,000","1,50,000",,Hyderabad ,08-Nov-22
74,Hero,Glamour,2014,1st,"50,000","39,000",125,Hyderabad ,03-Nov-22
75,Vespa,S,2015,1st,"50,000","40,000",,Hyderabad ,03-Nov-22
76,Suzuki,Access,2021,1st,"14,000","80,000",125,Hyderabad ,03-Nov-22
77,Hero,CBZ,2011,1st,"44,000","40,000",,Hyderabad ,30-Oct-22
78,Hero,Passion,2019,2nd,"21,000","55,000",,Hyderabad ,28-Oct-22
79,Honda,Shine,2013,1st,"41,000","30,000",,Hyderabad ,28-Oct-22
80,Honda,Livo,2015,1st,"49,009","40,000",,Hyderabad ,28-Oct-22
81,Royal,Enfield,2004,2nd,"78,491","99,000",350,Hyderabad ,27-Oct-22
82,Bajaj,Pulsar,2019,1st,"17,000","82,000",150,Hyderabad ,27-Oct-22
83,Royal,Enfield,2018,1st,"17,390","1,60,000",,Hyderabad ,26-Oct-22
84,Bajaj,Pulsar,2020,1st,"34,500","70,000",150,Hyderabad ,25-Oct-22
85,Honda,CB,2018,1st,"23,000","70,000",,Hyderabad ,25-Oct-22
86,Hero,Xpulse,2021,1st,"17,709","1,20,000",200,Hyderabad ,25-Oct-22
87,Benelli,Imperiale,2021,1st,"4,390","2,10,000",400,Hyderabad ,25-Oct-22
88,KTM,RC,2021,1st,"8,500","2,30,000",200,Hyderabad ,25-Oct-22
89,Yamaha,FZ25,2018,1st,"3,500","1,10,000",,Hyderabad ,24-Oct-22
90,Hero,Honda,2010,2nd,"5,04,500","35,000",,Hyderabad ,24-Oct-22
91,Hero,Honda,2011,2nd,"50,000","25,000",,Hyderabad ,24-Oct-22
92,Hero,Honda,2005,1st,"37,678","30,000",,Hyderabad ,24-Oct-22
93,TVS,Apache,2012,1st,"96,000","45,000",160,Hyderabad ,24-Oct-22
94,Yamaha,FZ,2013,1st,"66,000","35,000",,Hyderabad ,24-Oct-22
95,Hero,Glamour,2018,1st,"60,000","50,000",125,Hyderabad ,21-Oct-22
96,Royal,Enfield,2016,1st,"18,000","1,60,000",,Hyderabad ,20-Oct-22
97,Bajaj,Discover,2012,1st,"55,000","20,000",125,Hyderabad ,20-Oct-22
98,Yamaha,FZ16,2016,1st,"15,000","50,000",,Hyderabad ,20-Oct-22
99,Mahindra,Flyte,2005,1st,"1,00,000","50,000",,Hyderabad ,20-Oct-22
100,Royal,Enfield,2019,1st,"4,500","1,45,000",,Hyderabad ,20-Oct-22
101,Royal,Enfield,2021,1st,"12,500","1,60,000",350,Hyderabad ,20-Oct-22
102,Hero,Xtreme,2019,1st,"38,000","95,000",,Hyderabad ,19-Oct-22
103,Yamaha,FZ,2012,1st,"1,00,000","35,000",,Hyderabad ,18-Oct-22
104,TVS,Apache,2015,1st,"70,000","50,000",160,Hyderabad ,18-Oct-22
105,Royal,Enfield,2019,1st,"3,600","2,60,000",650,Hyderabad ,17-Oct-22
106,Bajaj,Avenger,2019,1st,"9,900","85,000",220,Hyderabad ,17-Oct-22
107,Hero,Xtreme,2019,1st,"38,000","95,000",,Hyderabad ,17-Oct-22
108,Bajaj,Discover,2010,1st,"47,000","35,000",100,Hyderabad ,17-Oct-22
109,TVS,Star,2012,1st,"99,000","40,000",,Hyderabad ,17-Oct-22
110,Honda,Aviator,2010,1st,"45,000","18,500",,Hyderabad ,16-Oct-22
111,Honda,Shine,2013,1st,"1,30,000","45,001",,Hyderabad ,16-Oct-22
112,Yamaha,FZ,2015,1st,"49,000","50,000",,Hyderabad ,13-Oct-22
113,Yezdi,Roadster,2022,1st,200,"2,40,000",,Hyderabad ,13-Oct-22
114,Hero,Xpulse,2021,1st,"15,000","1,40,000",200,Hyderabad ,13-Oct-22
115,Jawa,Perak,2020,1st,"1,400","2,20,000",,Hyderabad ,13-Oct-22
116,Honda,Activa,2016,1st,"60,000","40,000",125,Hyderabad ,13-Oct-22
117,Hero,Maestro,2018,1st,"34,000","40,000",,Hyderabad ,13-Oct-22
118,Bajaj,Avenger,2014,1st,"45,000","50,000",220,Hyderabad ,13-Oct-22
119,Royal,Enfield,2016,2nd,"33,000","1,40,000",,Hyderabad ,13-Oct-22
120,Bajaj,Pulsar,2012,1st,"30,000","40,000",150,Hyderabad ,11-Oct-22
121,Royal,Enfield,2015,1st,"30,000","1,50,000",500,Hyderabad ,11-Oct-22
122,Bajaj,Discover125,2016,1st,"5,000","45,000",,Hyderabad ,11-Oct-22
123,Bajaj,Pulsar,2018,1st,"36,000","89,999",,Hyderabad ,11-Oct-22
124,TVS,Jupiter,2014,1st,"42,000","35,000",,Hyderabad ,11-Oct-22
125,Honda,Activa,2016,1st,"95,000","35,000",,Hyderabad ,11-Oct-22
126,Bajaj,Avenger,2015,1st,"40,000","60,000",160,Hyderabad ,11-Oct-22
127,Hero,Glamour,2019,1st,"20,000","70,000",125,Hyderabad ,11-Oct-22
128,Yamaha,FZ16,2017,1st,"29,000","85,000",,Hyderabad ,11-Oct-22
129,Bajaj,Pulsar,2010,1st,"47,000","36,000",150,Hyderabad ,06-Oct-22
130,Benelli,TNT600i,2015,1st,"22,000","5,00,000",,Hyderabad ,06-Oct-22
131,KTM,200,2020,1st,"12,980","1,70,000",200,Hyderabad ,06-Oct-22
132,Royal,Enfield,2018,1st,"36,000","1,65,000",350,Hyderabad ,06-Oct-22
133,Yamaha,FZ,2012,1st,"1,00,000","40,000",,Hyderabad ,06-Oct-22
134,KTM,390,2017,1st,"11,000","2,00,000",390,Hyderabad ,06-Oct-22
135,Kawasaki,Versys,2017,1st,"6,000","6,20,000",650,Hyderabad ,06-Oct-22
136,Yamaha,FZ,2012,1st,"1,00,000","35,000",,Hyderabad ,06-Oct-22
137,Yamaha,FZ,2021,1st,"8,700","1,15,000",,Hyderabad ,06-Oct-22
138,Royal,Enfield,2019,1st,"36,000","1,20,000",350,Hyderabad ,06-Oct-22
139,KTM,250,2020,1st,"8,456","1,85,000",250,Hyderabad ,06-Oct-22
140,Husqvarna,Svartpilen,2021,1st,"7,443","2,00,000",250,Hyderabad ,06-Oct-22
141,Royal,Enfield,2018,1st,"19,000","1,50,000",350,Hyderabad ,04-Oct-22
142,Hero,Honda,2009,1st,"61,000","15,000",,Hyderabad ,04-Oct-22
143,Honda,Activa,2014,1st,"92,739","40,000",,Hyderabad ,04-Oct-22
144,Bajaj,Pulsar,2020,1st,"10,000","1,10,000",150,Hyderabad ,04-Oct-22
145,Hero,Glamour,2015,1st,"70,000","42,000",125,Hyderabad ,03-Oct-22
146,Suzuki,V-Strom,2020,1st,"14,500","9,29,999",650,Hyderabad ,30-Sep-22
147,Suzuki,Gixxer,2020,1st,"8,500","1,10,000",,Hyderabad ,30-Sep-22
148,Hero,Honda,2009,1st,"50,000","20,000",,Hyderabad ,27-Sep-22
149,Bajaj,Ct,2016,1st,"80,000","32,000",,Hyderabad ,27-Sep-22
150,Honda,Activa,2015,2nd,"1,00,000","35,000",125,Hyderabad ,27-Sep-22
151,TVS,Sport,2019,1st,"49,356","45,000",,Hyderabad ,26-Sep-22
152,TVS,Apache,2019,1st,"10,650","2,20,000",,Hyderabad ,26-Sep-22
153,KTM,200,2017,1st,"40,000","1,30,000",200,Hyderabad ,24-Sep-22
154,TVS,Star,2017,1st,"30,000","50,000",,Hyderabad ,24-Sep-22
155,Honda,CB,2010,1st,"1,50,000","20,000",,Hyderabad ,24-Sep-22
156,Bajaj,Discover125,2014,1st,"47,200","35,000",,Hyderabad ,24-Sep-22
157,Honda,Shine,2013,1st,"60,000","40,000",,Hyderabad ,24-Sep-22
158,Honda,Activa,2016,1st,"32,939","40,000",,Hyderabad ,24-Sep-22
159,Honda,Activa,2019,1st,"55,000","60,000",,Hyderabad ,24-Sep-22
160,Royal,Enfield,2019,1st,"11,000","2,50,000",650,Hyderabad ,24-Sep-22
161,Bajaj,Pulsar,2017,1st,"20,000","1,20,000",200,Hyderabad ,22-Sep-22
162,Husqvarna,Svartpilen,2020,1st,"2,662","2,00,000",250,Hyderabad ,21-Sep-22
163,Bajaj,Pulsar,2013,1st,"54,000","60,000",150,Hyderabad ,21-Sep-22
164,Yamaha,FZ,2020,1st,"5,000","90,000",,Hyderabad ,21-Sep-22
165,KTM,200,2019,1st,"23,000","1,35,000",200,Hyderabad ,20-Sep-22
166,Suzuki,Access,2011,2nd,"41,000","21,000",125,Hyderabad ,20-Sep-22
167,TVS,Scooty,2014,1st,"18,950","27,000",110,Hyderabad ,20-Sep-22
168,Bajaj,Dominar,2020,1st,"8,000","1,40,000",250,Hyderabad ,20-Sep-22
169,Hero,Xtreme,2021,1st,"15,000","1,10,000",,Hyderabad ,20-Sep-22
170,Suzuki,Access,2011,2nd,"41,000","21,000",125,Hyderabad ,19-Sep-22
171,Yamaha,FZ16,2013,1st,"57,000","39,000",,Hyderabad ,19-Sep-22
172,Bajaj,V15,2016,1st,"17,000","40,000",,Hyderabad ,19-Sep-22
173,Hero,Passion,2013,1st,"40,000","35,000",,Hyderabad ,19-Sep-22
174,Bajaj,Discover,2011,1st,"2,00,000","50,000",100,Hyderabad ,19-Sep-22
175,TVS,Jupiter,2017,1st,"49,000","59,499",,Hyderabad ,19-Sep-22
176,Honda,CB,2017,1st,"55,000","60,000",,Hyderabad ,19-Sep-22
177,Royal,Enfield,2014,1st,"11,500","1,00,000",,Hyderabad ,19-Sep-22
178,Yamaha,FZ25,2018,1st,"28,000","1,10,000",,Hyderabad ,19-Sep-22
179,Bajaj,Pulsar,2015,1st,"51,000","55,000",150,Hyderabad ,15-Sep-22
180,Honda,CB,2016,1st,"18,000","60,000",160,Hyderabad ,15-Sep-22
181,Yamaha,YZF,2018,1st,"15,000","1,00,000",,Hyderabad ,15-Sep-22
182,Honda,Hness,2021,1st,"8,500","2,10,000",,Hyderabad ,14-Sep-22
183,Royal,Enfield,2019,1st,"21,000","2,50,000",,Hyderabad ,14-Sep-22
184,Yamaha,FZ,2013,1st,"90,000","40,000",,Hyderabad ,14-Sep-22
185,Bajaj,Pulsar,2018,1st,"53,500","70,000",,Hyderabad ,14-Sep-22
186,Hero,Splendor,2021,1st,"3,000","72,000",,Hyderabad ,14-Sep-22
187,KTM,200,2017,1st,"30,000","1,50,000",200,Hyderabad ,14-Sep-22
188,Jawa,42,2021,1st,"15,000","1,80,000",,Hyderabad ,13-Sep-22
189,Royal,Enfield,2015,1st,"8,000","1,30,000",350,Hyderabad ,13-Sep-22
190,Bajaj,Dominar,2020,1st,"10,000","1,50,000",250,Hyderabad ,13-Sep-22
191,Royal,Enfield,2022,1st,"8,000","2,40,000",350,Hyderabad ,13-Sep-22
192,TVS,Jupiter,2018,1st,"40,000","48,000",,Hyderabad ,12-Sep-22
193,Yamaha,YZF,2011,1st,"23,500","75,000",,Hyderabad ,12-Sep-22
194,Yamaha,Gladiator,2007,2nd,"67,000","7,000",,Hyderabad ,12-Sep-22
195,Honda,Activa,2014,1st,"23,000","40,000",,Hyderabad ,12-Sep-22
196,Honda,CB,2013,1st,"49,900","40,000",,Hyderabad ,12-Sep-22
197,TVS,Jupiter,2018,1st,"40,000","48,000",,Hyderabad ,12-Sep-22
198,Yamaha,YZF,2015,1st,"27,000","65,000",,Hyderabad ,12-Sep-22
199,Yamaha,FZ,2020,1st,"8,762","90,000",,Hyderabad ,12-Sep-22
0,Yamaha,Fazer,2011,2nd,"12,000","45,000",,Bangalore ,07-Dec-22
1,Yamaha,FZ,2015,1st,"32,366","72,000",,Bangalore ,07-Dec-22
2,Bajaj,Avenger,2022,1st,800,"1,55,000",220,Bangalore ,07-Dec-22
3,Bajaj,Discover,2009,2nd,"9,99,999","25,000",135,Bangalore ,07-Dec-22
4,TVS,Jupiter,2018,1st,"25,000","50,000",,Bangalore ,07-Dec-22
5,TVS,Apache,2018,1st,"12,400","60,000",160,Bangalore ,07-Dec-22
6,Honda,CB,2017,1st,"8,000","65,000",,Bangalore ,07-Dec-22
7,Hero,Glamour,2020,1st,"3,600","75,000",125,Bangalore ,07-Dec-22
8,Jawa,42,2019,2nd,"16,200","1,60,000",,Bangalore ,07-Dec-22
9,Honda,Activa,2018,1st,"8,500","50,000",,Bangalore ,06-Dec-22
10,Bajaj,Avenger,2014,2nd,"62,000","48,500",220,Bangalore ,06-Dec-22
11,Honda,CB,2011,2nd,"64,000","22,000",,Bangalore ,05-Dec-22
12,Yamaha,FZ16,2014,1st,"50,000","40,000",,Bangalore ,05-Dec-22
13,Suzuki,Access,2016,1st,"10,500","50,000",125,Bangalore ,05-Dec-22
14,Bajaj,Avenger,2015,1st,"19,000","42,000",220,Bangalore ,05-Dec-22
15,Honda,CB,2017,1st,"15,000","65,000",,Bangalore ,05-Dec-22
16,Honda,Activa,2020,1st,"60,000","75,000",,Bangalore ,05-Dec-22
17,Royal,Enfield,2011,2nd,"37,000","70,000",350,Bangalore ,02-Dec-22
18,Yamaha,YZF,2017,1st,"47,900","75,000",,Bangalore ,01-Dec-22
19,Bajaj,Pulsar,2011,2nd,"31,500","45,000",135,Bangalore ,01-Dec-22
20,Bajaj,Discover125,2016,1st,"3,000","35,000",,Bangalore ,01-Dec-22
21,Honda,CB,2015,1st,"53,000","50,000",160,Bangalore ,01-Dec-22
22,KTM,390,2019,1st,"18,800","2,50,000",390,Bangalore ,01-Dec-22
23,Honda,Activa,2004,2nd,"50,000","15,000",,Bangalore ,30-Nov-22
24,Honda,CB,2016,3rd,"46,000","65,000",,Bangalore ,30-Nov-22
25,Yamaha,FZ,2020,1st,"22,000","1,25,000",,Bangalore ,30-Nov-22
26,Royal,Enfield,2010,2nd,"60,000","1,45,000",,Bangalore ,30-Nov-22
27,TVS,Apache,2016,1st,"20,000","67,000",200,Bangalore ,29-Nov-22
28,TVS,Ntorq,2018,1st,"20,000","60,000",125,Bangalore ,29-Nov-22
29,Royal,Enfield,2007,1st,"55,000","65,000",350,Bangalore ,29-Nov-22
30,Bajaj,Dominar,2021,1st,"10,100","1,75,000",250,Bangalore ,29-Nov-22
31,Hero,Honda,2010,1st,"45,000","25,000",,Bangalore ,29-Nov-22
32,Honda,CB,2008,1st,"30,000","35,000",150,Bangalore ,29-Nov-22
33,Bajaj,Pulsar,2010,1st,"20,000","45,000",135,Bangalore ,29-Nov-22
34,Hero,Passion,2019,1st,"27,700","50,000",,Bangalore ,29-Nov-22
35,Yamaha,FZ,2015,1st,"1,06,600","65,000",,Bangalore ,29-Nov-22
36,Bajaj,Avenger,2017,1st,"47,000","68,000",180,Bangalore ,29-Nov-22
37,Royal,Enfield,2015,1st,"58,000","1,00,000",350,Bangalore ,29-Nov-22
38,Hero,Honda,2001,1st,"40,000","10,000",,Bangalore ,27-Nov-22
39,Royal,Enfield,2015,1st,"30,000","1,05,000",350,Bangalore ,27-Nov-22
40,Kawasaki,Ninja,2022,1st,"1,850","8,30,000",650,Bangalore ,24-Nov-22
41,Suzuki,Gixxer,2017,1st,"10,600","85,000",,Bangalore ,24-Nov-22
42,KTM,250,2019,1st,"18,000","2,00,000",250,Bangalore ,24-Nov-22
43,Suzuki,Burgman,2020,1st,"2,800","90,000",125,Bangalore ,24-Nov-22
44,Honda,CBR150,2018,1st,"46,000","60,000",,Bangalore ,24-Nov-22
45,Yamaha,FZ,2017,1st,"18,000","75,000",,Bangalore ,24-Nov-22
46,TVS,Apache,2018,1st,"19,100","85,000",200,Bangalore ,24-Nov-22
47,Royal,Enfield,2014,1st,"12,500","1,30,000",350,Bangalore ,24-Nov-22
48,Royal,Enfield,2015,1st,"40,000","1,80,000",500,Bangalore ,24-Nov-22
49,Royal,Enfield,2019,1st,"9,000","2,00,000",350,Bangalore ,24-Nov-22
50,Honda,Hness,2021,1st,"17,000","2,00,000",,Bangalore ,24-Nov-22
51,Suzuki,Gixxer,2018,1st,"8,000","75,000",,Bangalore ,23-Nov-22
52,Bajaj,Pulsar,2013,2nd,"40,000","32,000",135,Bangalore ,23-Nov-22
53,Honda,Dio,2008,1st,"47,650","25,000",,Bangalore ,23-Nov-22
54,Honda,Shine,2011,1st,"54,600","35,000",,Bangalore ,23-Nov-22
55,Honda,Dio,2019,1st,"52,000","55,000",,Bangalore ,23-Nov-22
56,Hero,Splendor,2020,1st,"6,323","79,000",110,Bangalore ,23-Nov-22
57,Yamaha,YZF,2018,1st,"27,000","90,000",,Bangalore ,21-Nov-22
58,Yamaha,FZ16,2010,1st,"19,800","35,000",,Bangalore ,21-Nov-22
59,Yamaha,FZ,2016,1st,"30,200","65,000",,Bangalore ,21-Nov-22
60,TVS,Apache,2017,1st,"23,033","90,000",200,Bangalore ,21-Nov-22
61,Bajaj,Pulsar,2007,2nd,"59,000","20,000",150,Bangalore ,21-Nov-22
62,Yamaha,YZF,2021,1st,"1,800","1,70,000",,Bangalore ,21-Nov-22
63,Hero,Honda,2004,1st,"35,000","25,000",,Bangalore ,21-Nov-22
64,Yamaha,FZ,2015,1st,"37,000","60,000",,Bangalore ,21-Nov-22
65,TVS,Apache,2020,1st,"12,350","1,00,000",160,Bangalore ,21-Nov-22
66,Royal,Enfield,2016,2nd,"14,000","1,20,000",500,Bangalore ,21-Nov-22
67,KTM,200,2013,1st,"32,660","1,35,000",200,Bangalore ,21-Nov-22
68,Royal,Enfield,2022,1st,800,"2,80,000",350,Bangalore ,21-Nov-22
69,Hero,Passion,2019,1st,"24,800","53,000",,Bangalore ,20-Nov-22
70,Suzuki,Gixxer,2018,1st,"30,200","75,000",,Bangalore ,20-Nov-22
71,TVS,Ntorq,2021,1st,"2,000","96,000",125,Bangalore ,19-Nov-22
72,Aprilia,SR150,2018,1st,"32,000","70,000",,Bangalore ,19-Nov-22
73,Honda,CB350RS,2021,1st,"10,000","2,25,000",,Bangalore ,19-Nov-22
74,Aprilia,Storm,2020,1st,"4,000","80,000",125,Bangalore ,19-Nov-22
75,Bajaj,Dominar,2018,2nd,"38,000","1,55,000",400,Bangalore ,19-Nov-22
76,Royal,Enfield,2019,1st,"5,200","2,65,000",650,Bangalore ,19-Nov-22
77,Honda,SP,2019,1st,"15,500","69,500",125,Bangalore ,19-Nov-22
78,Bajaj,Pulsar,2015,2nd,"23,000","55,000",,Bangalore ,18-Nov-22
79,Bajaj,Discover,2013,1st,"49,000","28,000",125,Bangalore ,18-Nov-22
80,Honda,Activa,2018,2nd,"15,000","51,000",,Bangalore ,18-Nov-22
81,TVS,Apache,2018,1st,"30,000","72,000",160,Bangalore ,18-Nov-22
82,Suzuki,Access,2022,1st,"2,000","1,00,000",125,Bangalore ,18-Nov-22
83,Bajaj,Avenger,2020,2nd,"4,200","1,20,000",220,Bangalore ,18-Nov-22
84,Benelli,Imperiale,2020,1st,"12,700","2,00,000",400,Bangalore ,17-Nov-22
85,Hero,Honda,2011,1st,"50,000","20,000",,Bangalore ,17-Nov-22
86,Hero,Passion,2021,1st,"2,600","80,000",,Bangalore ,17-Nov-22
87,Harley-Davidson,Forty,2017,1st,"7,000","8,50,000",,Bangalore ,17-Nov-22
88,Bajaj,Pulsar,2015,1st,"45,000","48,000",150,Bangalore ,17-Nov-22
89,Bajaj,Pulsar,2020,1st,"18,000","1,10,000",,Bangalore ,17-Nov-22
90,Honda,Activa,2008,1st,"35,000","13,000",,Bangalore ,17-Nov-22
91,Hero,Xtreme,2019,1st,"9,000","75,000",,Bangalore ,17-Nov-22
92,KTM,250,2020,1st,"5,045","2,20,000",250,Bangalore ,17-Nov-22
93,Royal,Enfield,2015,1st,"31,000","1,26,000",350,Bangalore ,16-Nov-22
94,Bajaj,Pulsar,2015,1st,"48,000","45,000",150,Bangalore ,16-Nov-22
95,Hero,Xtreme,2020,1st,"20,000","1,20,000",,Bangalore ,16-Nov-22
96,Yamaha,FZ,2016,2nd,"40,000","40,000",,Bangalore ,15-Nov-22
97,Bajaj,Pulsar,2012,1st,"45,000","72,000",150,Bangalore ,14-Nov-22
98,Honda,Activa,2019,1st,"44,000","65,000",,Bangalore ,14-Nov-22
99,Bajaj,Pulsar,2004,2nd,"63,000","15,000",150,Bangalore ,14-Nov-22
100,Bajaj,Pulsar,2007,1st,"50,000","15,000",150,Bangalore ,14-Nov-22
101,Yamaha,SZ,2012,2nd,"40,000","30,000",,Bangalore ,14-Nov-22
102,Suzuki,Gixxer,2014,1st,"66,000","40,000",,Bangalore ,14-Nov-22
103,Hero,Honda,1998,1st,"1,00,000","45,000",,Bangalore ,14-Nov-22
104,Bajaj,Pulsar,2016,1st,"10,000","80,000",200,Bangalore ,14-Nov-22
105,Royal,Enfield,2019,1st,"5,200","1,75,000",,Bangalore ,14-Nov-22
106,Yezdi,Scrambler,2022,1st,"2,051","2,55,000",,Bangalore ,12-Nov-22
107,BMW,G,2022,1st,800,"3,55,000",310,Bangalore ,12-Nov-22
108,Honda,Livo,2015,1st,"13,270","60,000",,Bangalore ,12-Nov-22
109,Jawa,42,2021,1st,"6,915","2,00,000",,Bangalore ,12-Nov-22
110,TVS,Star,2020,1st,"18,000","67,000",,Bangalore ,10-Nov-22
111,Benelli,Imperiale,2020,1st,"12,900","2,00,000",400,Bangalore ,10-Nov-22
112,KTM,200,2018,1st,"30,000","1,60,000",200,Bangalore ,10-Nov-22
113,KTM,200,2017,3rd,"23,000","1,35,000",200,Bangalore ,10-Nov-22
114,BMW,G,2022,1st,"9,777","4,60,000",310,Bangalore ,10-Nov-22
115,Aprilia,SR,2022,1st,920,"1,45,000",125,Bangalore ,10-Nov-22
116,Royal,Enfield,2022,1st,"5,000","2,50,000",350,Bangalore ,10-Nov-22
117,Suzuki,Gixxer,2019,1st,"6,500","1,40,000",250,Bangalore ,10-Nov-22
118,Bajaj,Pulsar,2013,2nd,"45,000","30,000",150,Bangalore ,10-Nov-22
119,Yamaha,Fascino,2016,1st,"6,000","40,000",110,Bangalore ,10-Nov-22
120,Honda,Activa,2016,1st,"32,000","45,000",,Bangalore ,10-Nov-22
121,Bajaj,Pulsar,2021,1st,"3,500","95,000",125,Bangalore ,10-Nov-22
122,Yamaha,FZ25,2017,1st,"35,000","1,20,000",,Bangalore ,10-Nov-22
123,Hyosung,GT250R,2018,1st,"20,000","1,50,000",,Bangalore ,10-Nov-22
124,KTM,RC,2019,1st,"16,500","1,50,000",200,Bangalore ,10-Nov-22
125,KTM,250,2018,1st,"21,000","1,70,000",250,Bangalore ,10-Nov-22
126,TVS,Apache,2019,2nd,"11,000","2,00,000",,Bangalore ,10-Nov-22
127,Honda,Hness,2021,1st,"9,267","2,10,000",,Bangalore ,10-Nov-22
128,Bajaj,Pulsar,2018,1st,"34,000","60,000",150,Bangalore ,09-Nov-22
129,Bajaj,Avenger,2016,1st,"21,600","75,000",150,Bangalore ,09-Nov-22
130,UM,Renegade,2018,1st,"7,000","1,70,000",,Bangalore ,09-Nov-22
131,Royal,Enfield,2014,1st,"19,000","1,20,000",500,Bangalore ,08-Nov-22
132,Honda,CB,2015,2nd,"12,500","40,000",,Bangalore ,08-Nov-22
133,TVS,Wego,2011,1st,"42,000","35,000",,Bangalore ,08-Nov-22
134,Honda,Dio,2018,1st,"14,500","58,000",,Bangalore ,08-Nov-22
135,Yamaha,FZ,2013,1st,"35,000","65,000",,Bangalore ,08-Nov-22
136,Royal,Enfield,2016,1st,"20,000","1,20,000",,Bangalore ,08-Nov-22
137,Bajaj,Pulsar,2007,1st,"32,000","15,000",150,Bangalore ,08-Nov-22
138,Bajaj,Discover,2014,1st,"31,000","25,000",150,Bangalore ,08-Nov-22
139,Bajaj,Discover,2010,2nd,"68,000","30,000",100,Bangalore ,08-Nov-22
140,Bajaj,Pulsar,2015,1st,"52,000","35,000",180,Bangalore ,08-Nov-22
141,Bajaj,Pulsar,2013,2nd,"38,000","37,000",135,Bangalore ,08-Nov-22
142,TVS,Jupiter,2016,1st,"22,354","50,000",,Bangalore ,08-Nov-22
143,Bajaj,Avenger,2016,2nd,"26,000","50,000",220,Bangalore ,08-Nov-22
144,Suzuki,Access,2019,1st,"24,000","60,000",125,Bangalore ,08-Nov-22
145,Honda,Activa,2019,1st,"24,300","65,000",,Bangalore ,08-Nov-22
146,Yamaha,FZ,2016,1st,"30,000","70,000",,Bangalore ,08-Nov-22
147,Honda,CB,2016,1st,"10,670","70,000",,Bangalore ,08-Nov-22
148,Yamaha,FZ,2018,1st,"30,000","90,000",,Bangalore ,08-Nov-22
149,Royal,Enfield,2022,1st,"4,500","2,75,000",,Bangalore ,08-Nov-22
150,Royal,Enfield,2019,1st,"20,000","2,75,000",650,Bangalore ,08-Nov-22
151,Bajaj,Discover,2007,1st,"61,000","20,000",135,Bangalore ,03-Nov-22
152,Honda,CBF,2009,2nd,"21,599","35,000",,Bangalore ,03-Nov-22
153,Bajaj,Pulsar,2006,1st,"80,000","40,000",150,Bangalore ,03-Nov-22
154,Bajaj,Pulsar,2015,2nd,"46,900","50,000",,Bangalore ,03-Nov-22
155,Hero,Passion,2021,1st,"6,000","60,000",,Bangalore ,03-Nov-22
156,TVS,Apache,2019,1st,"27,000","90,000",180,Bangalore ,03-Nov-22
157,Yamaha,FZ25,2017,1st,"22,800","1,00,000",,Bangalore ,03-Nov-22
158,Royal,Enfield,2016,1st,"20,000","1,00,000",350,Bangalore ,03-Nov-22
159,Bajaj,Avenger,2021,1st,"9,000","1,50,000",220,Bangalore ,03-Nov-22
160,Royal,Enfield,2013,1st,"14,000","1,50,000",500,Bangalore ,03-Nov-22
161,Benelli,TNT,2016,1st,"30,000","2,00,000",300,Bangalore ,03-Nov-22
162,Bajaj,Pulsar,2018,1st,"20,000","98,000",,Bangalore ,30-Oct-22
163,Honda,CB,2011,1st,"30,193","35,000",,Bangalore ,30-Oct-22
164,Honda,Activa,2017,1st,"35,000","50,000",125,Bangalore ,30-Oct-22
165,Yamaha,FZ,2018,2nd,"60,000","60,000",,Bangalore ,28-Oct-22
166,Honda,CB,2012,1st,"36,000","40,000",,Bangalore ,27-Oct-22
167,Royal,Enfield,2019,1st,"6,200","2,80,000",650,Bangalore ,27-Oct-22
168,Harley-Davidson,Forty,2018,3rd,"18,000","6,50,000",,Bangalore ,26-Oct-22
169,Yamaha,FZ,2020,1st,"14,000","95,000",,Bangalore ,26-Oct-22
170,Suzuki,GS150R,2015,2nd,"24,000","45,000",,Bangalore ,26-Oct-22
171,Yamaha,Fazer,2014,1st,"29,500","56,000",,Bangalore ,26-Oct-22
172,Yamaha,FZ16,2011,1st,"43,000","45,000",,Bangalore ,26-Oct-22
173,Bajaj,Pulsar,2016,1st,"25,000","75,000",,Bangalore ,26-Oct-22
174,Honda,CB,2019,1st,"8,100","80,000",150,Bangalore ,26-Oct-22
175,Bajaj,Pulsar,2020,1st,"38,000","95,000",150,Bangalore ,26-Oct-22
176,Bajaj,Pulsar,2014,3rd,"33,000","62,000",,Bangalore ,25-Oct-22
177,Bajaj,Pulsar,2016,1st,"23,024","38,000",135,Bangalore ,25-Oct-22
178,Honda,CB,2018,1st,"10,000","87,000",,Bangalore ,25-Oct-22
179,Royal,Enfield,2018,1st,"14,000","1,80,000",,Bangalore ,25-Oct-22
180,Benelli,Imperiale,2020,1st,"17,000","1,85,000",400,Bangalore ,25-Oct-22
181,Suzuki,Gixxer,2016,1st,"32,000","50,000",,Bangalore ,25-Oct-22
182,Yamaha,YZF,2012,2nd,"62,000","50,000",,Bangalore ,25-Oct-22
183,KTM,390,2015,1st,"30,000","1,50,000",390,Bangalore ,25-Oct-22
184,Bajaj,Dominar,2018,1st,"14,000","1,85,000",400,Bangalore ,25-Oct-22
185,Royal,Enfield,2019,1st,"80,000","3,00,000",650,Bangalore ,25-Oct-22
186,Suzuki,Gixxer,2016,1st,"13,000","75,000",,Bangalore ,24-Oct-22
187,Bajaj,Pulsar,2016,2nd,"18,000","55,000",180,Bangalore ,24-Oct-22
188,TVS,Apache,2008,1st,"1,20,000","8,000",160,Bangalore ,24-Oct-22
189,Honda,Activa,2007,1st,"33,500","20,000",,Bangalore ,24-Oct-22
190,Yamaha,Fascino,2016,1st,"25,000","45,000",110,Bangalore ,24-Oct-22
191,Bajaj,Pulsar,2020,1st,"18,000","1,40,000",,Bangalore ,24-Oct-22
192,Royal,Enfield,2017,1st,"42,089","1,50,000",,Bangalore ,24-Oct-22
193,Bajaj,Discover,2009,1st,"51,000","35,000",135,Bangalore ,21-Oct-22
194,Royal,Enfield,2008,1st,"1,00,000","80,000",,Bangalore ,20-Oct-22
195,Royal,Enfield,2019,1st,"9,800","1,65,000",,Bangalore ,20-Oct-22
196,Yamaha,FZ,2016,1st,"15,000","60,000",,Bangalore ,19-Oct-22
197,Royal,Enfield,2014,1st,"28,000","1,00,000",350,Bangalore ,19-Oct-22
198,Bajaj,Avenger,2015,2nd,"20,890","52,000",220,Bangalore ,18-Oct-22
199,Honda,Dio,2016,1st,"43,000","35,000",,Bangalore ,18-Oct-22
200,Bajaj,Avenger,2016,2nd,"28,000","62,000",220,Bangalore ,17-Oct-22
201,Suzuki,Gixxer,2017,2nd,"23,000","65,000",,Bangalore ,17-Oct-22
202,Suzuki,Access,2012,2nd,"35,000","22,000",125,Bangalore ,17-Oct-22
203,Hero,Passion,2014,1st,"35,000","25,000",,Bangalore ,17-Oct-22
204,Suzuki,Access,2016,3rd,"80,000","35,000",125,Bangalore ,17-Oct-22
205,Yamaha,FZ,2018,1st,"17,300","78,000",,Bangalore ,16-Oct-22
206,Bajaj,Pulsar,2019,1st,"29,000","1,25,000",200,Bangalore ,16-Oct-22
207,Hero,Honda,2007,2nd,"80,800","30,000",,Bangalore ,16-Oct-22
208,Suzuki,Access,2019,2nd,"9,000","60,000",125,Bangalore ,16-Oct-22
209,Suzuki,Access,2019,2nd,"27,000","70,000",125,Bangalore ,14-Oct-22
210,Jawa,42,2019,1st,"4,000","1,75,000",,Bangalore ,14-Oct-22
211,Honda,Activa,2015,1st,"30,000","35,000",,Bangalore ,14-Oct-22
212,Bajaj,Discover,2014,1st,"51,000","35,000",100,Bangalore ,14-Oct-22
213,Honda,Activa,2018,1st,"30,000","50,000",,Bangalore ,14-Oct-22
214,Ampere,Magnus,2021,1st,"1,400","72,000",,Bangalore ,13-Oct-22
215,Jawa,42,2019,1st,"9,560","1,30,000",,Bangalore ,13-Oct-22
216,Bajaj,Pulsar,2022,1st,800,"1,60,000",,Bangalore ,13-Oct-22
217,TVS,Apache,2017,1st,"5,000","85,000",200,Bangalore ,13-Oct-22
218,Royal,Enfield,2021,1st,"2,100","1,75,000",350,Bangalore ,13-Oct-22
219,TVS,Scooty,2006,1st,"50,000","10,000",,Bangalore ,13-Oct-22
220,Royal,Enfield,2015,1st,"23,000","1,10,000",350,Bangalore ,13-Oct-22
221,TVS,Apache,2015,1st,"36,566","80,000",160,Bangalore ,12-Oct-22
222,Bajaj,Pulsar,2018,1st,"25,000","65,000",150,Bangalore ,12-Oct-22
223,Suzuki,Heat,2005,2nd,"1,00,000","25,000",,Bangalore ,11-Oct-22
224,Royal,Enfield,2004,3rd,"60,000","58,000",350,Bangalore ,11-Oct-22
225,Hero,HF,2022,1st,"4,000","78,000",,Bangalore ,11-Oct-22
226,TVS,Jupiter,2014,2nd,"30,700","42,000",,Bangalore ,11-Oct-22
227,Bajaj,Pulsar,2016,2nd,"22,000","58,000",180,Bangalore ,11-Oct-22
228,Royal,Enfield,2013,1st,"26,000","95,000",350,Bangalore ,11-Oct-22
229,TVS,Scooty,2010,1st,"25,000","25,000",,Bangalore ,11-Oct-22
230,Honda,SP,2021,1st,"7,600","75,000",125,Bangalore ,11-Oct-22
231,Bajaj,Pulsar,2008,3rd,"50,000","15,000",150,Bangalore ,11-Oct-22
232,Bajaj,Discover,2013,1st,"45,000","25,000",100,Bangalore ,11-Oct-22
233,Bajaj,Discover125,2012,1st,"80,000","25,000",,Bangalore ,11-Oct-22
234,Bajaj,V15,2016,1st,"12,500","45,000",,Bangalore ,11-Oct-22
235,Suzuki,Access,2018,1st,"46,000","55,000",125,Bangalore ,11-Oct-22
236,Hero,Passion,2020,1st,"16,000","60,000",,Bangalore ,11-Oct-22
237,Bajaj,Avenger,2016,1st,"30,000","65,000",150,Bangalore ,11-Oct-22
238,Bajaj,Platina,2021,1st,"22,000","70,000",100,Bangalore ,11-Oct-22
239,Hero,Splendor,2019,1st,"30,000","70,000",,Bangalore ,11-Oct-22
240,TVS,Jupiter,2022,1st,"4,000","1,05,000",125,Bangalore ,11-Oct-22
241,KTM,200,2016,1st,"50,000","1,20,000",200,Bangalore ,11-Oct-22
242,Benelli,TNT,2017,1st,"24,000","1,70,000",300,Bangalore ,11-Oct-22
243,Bajaj,Pulsar,2022,1st,"1,300","1,30,000",,Bangalore ,06-Oct-22
244,Bajaj,Avenger,2018,1st,"5,210","85,000",180,Bangalore ,06-Oct-22
245,UM,Renegade,2019,1st,"13,000","1,50,000",,Bangalore ,06-Oct-22
246,Royal,Enfield,2019,1st,"9,500","2,00,000",,Bangalore ,06-Oct-22
247,Royal,Enfield,2019,1st,"9,300","1,90,000",,Bangalore ,06-Oct-22
248,Bajaj,Pulsar,2010,1st,"1,33,000","20,000",150,Bangalore ,06-Oct-22
249,TVS,Jupiter,2019,1st,"35,000","50,000",,Bangalore ,06-Oct-22
250,Honda,Activa,2019,1st,"15,000","70,000",,Bangalore ,06-Oct-22
251,Bajaj,Pulsar,2019,1st,"20,000","75,000",150,Bangalore ,06-Oct-22
252,Royal,Enfield,2016,1st,"53,000","1,30,000",500,Bangalore ,06-Oct-22
253,Royal,Enfield,2019,2nd,"25,000","1,50,000",,Bangalore ,06-Oct-22
254,Jawa,42,2020,1st,"11,000","1,70,000",,Bangalore ,06-Oct-22
255,KTM,250,2019,1st,"9,400","1,90,000",250,Bangalore ,06-Oct-22
256,Royal,Enfield,2020,1st,"11,000","1,95,000",,Bangalore ,06-Oct-22
257,Yamaha,Fazer,2014,1st,"22,800","54,999",,Bangalore ,04-Oct-22
258,Hero,Honda,2007,1st,"66,000","15,000",,Bangalore ,04-Oct-22
259,Honda,Dio,2019,1st,"23,000","60,000",,Bangalore ,04-Oct-22
260,Hero,Passion,2014,1st,"69,000","60,000",,Bangalore ,04-Oct-22
261,Bajaj,Avenger,2015,1st,"3,85,000","60,000",220,Bangalore ,03-Oct-22
262,Suzuki,Access,2013,1st,"12,000","30,000",125,Bangalore ,03-Oct-22
263,Bajaj,Pulsar,2014,1st,"37,784","55,000",150,Bangalore ,01-Oct-22
264,Suzuki,Access,2013,1st,"12,637","35,000",125,Bangalore ,30-Sep-22
265,Honda,CB,2013,1st,"50,000","39,999",,Bangalore ,30-Sep-22
266,Bajaj,Pulsar,2022,1st,"4,600","1,58,000",,Bangalore ,30-Sep-22
267,Royal,Enfield,2018,1st,"24,000","1,65,000",350,Bangalore ,30-Sep-22
268,Royal,Enfield,2019,1st,"23,565","1,70,000",,Bangalore ,30-Sep-22
269,Honda,Activa,2016,1st,"15,000","50,000",,Bangalore ,28-Sep-22
270,Bajaj,Discover,2008,1st,"1,00,000","20,000",135,Bangalore ,28-Sep-22
271,Honda,Activa,2016,1st,"30,500","40,000",,Bangalore ,28-Sep-22
272,Honda,Activa,2020,1st,"6,700","75,000",125,Bangalore ,28-Sep-22
273,Vespa,ZX,2022,1st,"1,950","1,20,000",125,Bangalore ,28-Sep-22
274,BMW,G,2018,2nd,"12,000","2,00,000",310,Bangalore ,28-Sep-22
275,Suzuki,Access,2019,1st,"26,500","65,000",125,Bangalore ,27-Sep-22
276,KTM,200,2017,1st,"18,000","1,60,000",200,Bangalore ,27-Sep-22
277,Husqvarna,Svartpilen,2020,1st,"17,223","1,80,000",250,Bangalore ,26-Sep-22
278,Yamaha,Alpha,2014,1st,"12,000","40,000",,Bangalore ,26-Sep-22
279,OLA,S1,2022,1st,650,"1,40,000",,Bangalore ,26-Sep-22
280,Aprilia,SR150,2018,1st,"27,000","65,000",,Bangalore ,26-Sep-22
281,Honda,CB,2012,1st,"32,000","36,000",,Bangalore ,26-Sep-22
282,TVS,Victor,2016,1st,"50,000","30,000",,Bangalore ,26-Sep-22
283,Honda,Activa,2020,1st,"20,200","67,500",,Bangalore ,26-Sep-22
284,TVS,Ntorq,2019,1st,"15,000","80,000",125,Bangalore ,26-Sep-22
285,Jawa,Perak,2020,2nd,"6,900","2,00,000",,Bangalore ,24-Sep-22
286,Bajaj,Avenger,2013,1st,"70,000","25,000",220,Bangalore ,24-Sep-22
287,Honda,CB,2018,1st,"18,000","70,000",,Bangalore ,24-Sep-22
288,LML,Freedom,2004,1st,"25,000","10,000",,Bangalore ,24-Sep-22
289,Honda,Activa,2012,1st,"68,308","25,000",,Bangalore ,24-Sep-22
290,Bajaj,Pulsar,2017,2nd,"21,000","70,000",220,Bangalore ,24-Sep-22
291,Aprilia,SR150,2018,1st,"11,200","75,000",,Bangalore ,24-Sep-22
292,Hero,HF,2022,1st,"4,000","75,000",,Bangalore ,24-Sep-22
293,Bajaj,Pulsar,2018,1st,"7,500","1,30,000",,Bangalore ,24-Sep-22
294,Vespa,SXL,2018,1st,"11,500","70,000",125,Bangalore ,23-Sep-22
295,Hero,Karizma,2013,1st,"58,000","35,000",,Bangalore ,22-Sep-22
296,Suzuki,Access,2016,1st,"30,000","50,000",125,Bangalore ,22-Sep-22
297,Bajaj,Avenger,2016,1st,"20,000","60,000",220,Bangalore ,22-Sep-22
298,Honda,CB,2017,1st,"60,000","65,000",,Bangalore ,22-Sep-22
299,Hero,Xpulse,2020,1st,"40,000","1,10,000",200,Bangalore ,22-Sep-22
300,Royal,Enfield,2016,1st,"75,800","1,40,000",500,Bangalore ,21-Sep-22
301,Bajaj,Pulsar,2013,1st,"50,000","30,000",150,Bangalore ,21-Sep-22
302,Bajaj,Dominar,2018,1st,"17,800","1,50,000",400,Bangalore ,21-Sep-22
303,Honda,Unicorn,2021,1st,"2,900","1,25,000",,Bangalore ,21-Sep-22
304,TVS,Scooty,2019,2nd,"14,000","40,000",110,Bangalore ,21-Sep-22
305,Honda,CBR150,2013,1st,"45,000","50,000",,Bangalore ,21-Sep-22
306,KTM,250,2021,1st,"2,035","2,30,000",250,Bangalore ,21-Sep-22
307,TVS,Apache,2020,1st,"11,490","1,00,000",160,Bangalore ,21-Sep-22
308,Jawa,42,2021,1st,"6,700","2,00,000",,Bangalore ,21-Sep-22
309,KTM,RC390,2014,2nd,"65,000","1,60,000",,Bangalore ,20-Sep-22
310,Kawasaki,Ninja,2019,1st,"9,000","3,10,000",300,Bangalore ,20-Sep-22
311,Royal,Enfield,2022,1st,"1,300","3,55,000",650,Bangalore ,20-Sep-22
312,Yamaha,Fazer,2009,1st,"42,000","25,000",,Bangalore ,20-Sep-22
313,Triumph,Bonneville,2017,2nd,"2,900","9,00,000",,Bangalore ,20-Sep-22
314,Hero,Splendor,2012,1st,"98,000","30,000",,Bangalore ,20-Sep-22
315,Suzuki,Swish,2016,1st,"40,000","35,000",,Bangalore ,20-Sep-22
316,TVS,Ntorq,2019,1st,"35,000","70,000",125,Bangalore ,20-Sep-22
317,Yamaha,YZF,2021,1st,"11,000","1,50,000",,Bangalore ,20-Sep-22
318,Jawa,Perak,2021,1st,"3,800","2,20,000",,Bangalore ,20-Sep-22
319,Bajaj,Discover,2014,1st,"70,000","25,000",100,Bangalore ,19-Sep-22
320,Bajaj,Avenger,2015,3rd,"22,000","55,000",220,Bangalore ,19-Sep-22
321,Bajaj,Discover,2015,1st,"58,000","30,900",,Bangalore ,19-Sep-22
322,Honda,Dream,2016,1st,"72,000","35,000",,Bangalore ,19-Sep-22
323,Yamaha,FZ,2014,1st,"57,000","50,000",,Bangalore ,19-Sep-22
324,Honda,Shine,2017,1st,"35,000","60,000",,Bangalore ,19-Sep-22
325,Honda,Dio,2020,1st,"14,500","65,000",,Bangalore ,19-Sep-22
326,Honda,Activa,2018,1st,"2,822","70,000",125,Bangalore ,19-Sep-22
327,Honda,CBF,2009,1st,"35,000","15,000",,Bangalore ,16-Sep-22
328,Honda,Activa,2018,1st,"41,100","49,000",,Bangalore ,16-Sep-22
329,Hero,Honda,2012,1st,"32,000","30,000",,Bangalore ,15-Sep-22
330,Vespa,RED,2012,2nd,"45,000","40,000",,Bangalore ,15-Sep-22
331,Bajaj,Pulsar,2018,1st,"25,000","1,00,000",,Bangalore ,15-Sep-22
332,Bajaj,Avenger,2021,1st,"4,000","1,00,000",160,Bangalore ,15-Sep-22
333,Bajaj,Pulsar,2018,1st,"24,000","1,10,000",,Bangalore ,15-Sep-22
334,TVS,Apache,2021,1st,"13,685","1,40,000",200,Bangalore ,15-Sep-22
335,Benelli,TNT,2017,1st,"27,000","1,30,000",,Bangalore ,14-Sep-22
336,Suzuki,Gixxer,2021,1st,"7,000","1,55,000",,Bangalore ,14-Sep-22
337,Bajaj,Pulsar,2019,1st,"5,000","80,000",,Bangalore ,14-Sep-22
338,Honda,CBR-250R,2011,2nd,"35,000","80,000",,Bangalore ,14-Sep-22
339,KTM,390,2019,1st,"22,000","2,75,000",390,Bangalore ,14-Sep-22
340,Bajaj,Dominar,2018,1st,"22,000","1,30,000",400,Bangalore ,14-Sep-22
341,Bajaj,Pulsar,2022,1st,"4,100","1,40,000",,Bangalore ,14-Sep-22
342,Hero,Honda,2011,2nd,"28,000","60,000",,Bangalore ,13-Sep-22
343,Benelli,TNT,2017,1st,"27,000","1,30,000",,Bangalore ,13-Sep-22
344,Bajaj,Avenger,2021,1st,"10,000","1,45,000",220,Bangalore ,13-Sep-22
345,Royal,Enfield,2020,1st,"9,800","2,00,000",350,Bangalore ,13-Sep-22
346,Royal,Enfield,2020,1st,"9,800","2,05,000",350,Bangalore ,13-Sep-22
347,Bajaj,Avenger,2017,1st,"25,500","52,000",150,Bangalore ,13-Sep-22
348,Aprilia,SR,2019,1st,"15,000","1,25,000",150,Bangalore ,13-Sep-22
349,Bajaj,Pulsar,2008,1st,"51,000","40,000",180,Bangalore ,13-Sep-22
350,Yamaha,Fazer,2010,1st,"35,000","60,000",,Bangalore ,13-Sep-22
351,Honda,Activa,2018,1st,"36,000","65,000",,Bangalore ,13-Sep-22
352,Suzuki,Gixxer,2018,1st,"7,900","78,000",,Bangalore ,13-Sep-22
353,TVS,Apache,2018,1st,"24,000","1,60,000",,Bangalore ,13-Sep-22
354,Royal,Enfield,2019,1st,"5,500","1,85,000",,Bangalore ,13-Sep-22
355,Royal,Enfield,2022,1st,"1,700","2,60,000",350,Bangalore ,13-Sep-22
356,Yamaha,FZ,2015,1st,"35,500","60,000",,Bangalore ,12-Sep-22
357,Ather,450X,2022,1st,"4,950","1,50,000",,Bangalore ,12-Sep-22
358,Mahindra,Mojo,2015,2nd,"70,000","1,70,000",,Bangalore ,12-Sep-22
359,Royal,Enfield,2019,1st,"8,200","1,80,000",,Bangalore ,12-Sep-22
0,TVS,Apache,2018,1st,"12,000","75,000",200,Mumbai ,07-Dec-22
1,Yamaha,YZF,2017,2nd,"28,000","90,000",,Mumbai ,07-Dec-22
2,Royal,Enfield,2016,1st,"30,000","1,25,000",500,Mumbai ,07-Dec-22
3,KTM,390,2019,1st,"35,000","2,20,000",390,Mumbai ,01-Dec-22
4,Yamaha,FZ,2015,1st,"7,000","60,000",,Mumbai ,01-Dec-22
5,Aprilia,SR,2019,1st,"15,000","80,000",150,Mumbai ,01-Dec-22
6,Honda,CB,2018,1st,"18,000","80,000",,Mumbai ,01-Dec-22
7,Royal,Enfield,2015,1st,"13,000","1,50,000",500,Mumbai ,01-Dec-22
8,Honda,Activa,2016,1st,"10,000","60,000",,Mumbai ,30-Nov-22
9,Bajaj,Pulsar,2018,1st,"21,500","60,000",150,Mumbai ,29-Nov-22
10,Hero,Honda,2006,1st,"30,000","25,000",,Mumbai ,29-Nov-22
11,Honda,CB,2012,1st,"36,000","35,000",,Mumbai ,29-Nov-22
12,Honda,Hness,2021,1st,"3,600","2,20,000",,Mumbai ,24-Nov-22
13,Royal,Enfield,2019,1st,"21,000","2,50,000",650,Mumbai ,24-Nov-22
14,Honda,Activa,2014,1st,"2,48,438","30,000",,Mumbai ,21-Nov-22
15,Royal,Enfield,2020,1st,"6,600","1,90,000",350,Mumbai ,21-Nov-22
16,Royal,Enfield,2020,1st,"6,528","2,90,000",650,Mumbai ,21-Nov-22
17,Bajaj,Discover125,2006,1st,"44,000","10,000",,Mumbai ,21-Nov-22
18,Royal,Enfield,2022,1st,"2,500","2,40,000",350,Mumbai ,21-Nov-22
19,Yamaha,FZ,2015,1st,"25,400","56,000",,Mumbai ,20-Nov-22
20,Yamaha,FZ16,2009,1st,"35,000","40,000",,Mumbai ,20-Nov-22
21,Honda,Shine,2020,1st,"37,000","60,000",,Mumbai ,20-Nov-22
22,Bajaj,Pulsar,2011,1st,"22,000","48,000",220,Mumbai ,17-Nov-22
23,Royal,Enfield,2007,1st,"20,000","1,00,000",,Mumbai ,17-Nov-22
24,Jawa,42,2021,1st,"1,300","1,80,000",,Mumbai ,17-Nov-22
25,Honda,Shine,2013,1st,"38,000","41,000",,Mumbai ,16-Nov-22
26,Royal,Enfield,2018,1st,"40,220","1,28,000",,Mumbai ,16-Nov-22
27,TVS,Apache,2020,1st,"13,500","1,00,000",200,Mumbai ,16-Nov-22
28,Vespa,VX,2012,1st,"8,000","40,000",125,Mumbai ,14-Nov-22
29,Honda,Dio,2018,1st,"30,000","45,000",,Mumbai ,14-Nov-22
30,Honda,Activa,2021,1st,"10,000","90,000",,Mumbai ,12-Nov-22
31,Suzuki,Access,2018,1st,"45,000","50,000",125,Mumbai ,11-Nov-22
32,Honda,CB,2016,1st,"30,000","50,000",,Mumbai ,11-Nov-22
33,KTM,RC,2020,1st,"4,600","2,65,000",390,Mumbai ,10-Nov-22
34,Kawasaki,ER-6n,2016,2nd,"14,600","3,00,000",,Mumbai ,10-Nov-22
35,Suzuki,Gixxer,2016,1st,"16,000","90,000",,Mumbai ,10-Nov-22
36,Bajaj,Discover,2014,1st,"40,000","35,000",,Mumbai ,10-Nov-22
37,Yamaha,FZ,2015,1st,"42,000","40,000",,Mumbai ,10-Nov-22
38,TVS,Apache,2006,1st,"45,000","20,000",,Mumbai ,08-Nov-22
39,Bajaj,Pulsar,2013,1st,"61,000","35,000",220,Mumbai ,08-Nov-22
40,Honda,CB,2011,1st,"50,000","30,000",,Mumbai ,08-Nov-22
41,Honda,CB,2010,1st,"50,000","50,000",,Mumbai ,08-Nov-22
42,Royal,Enfield,2014,1st,"25,000","1,10,000",350,Mumbai ,08-Nov-22
43,Royal,Enfield,2019,1st,"14,123","2,35,000",650,Mumbai ,08-Nov-22
44,Honda,CBR-250R,2013,1st,"22,331","1,25,000",,Mumbai ,03-Nov-22
45,Honda,Activa,2016,1st,"25,000","40,000",,Mumbai ,03-Nov-22
46,Bajaj,Pulsar,2014,1st,"40,000","55,000",,Mumbai ,03-Nov-22
47,Bajaj,Discover,2010,1st,"15,000","8,500",100,Mumbai ,30-Oct-22
48,Honda,CBR-250R,2016,1st,"3,000","1,00,000",,Mumbai ,30-Oct-22
49,Bajaj,Ct,2018,1st,"32,000","35,000",,Mumbai ,28-Oct-22
50,Bajaj,Discover,2014,1st,"22,000","35,000",,Mumbai ,28-Oct-22
51,Honda,X-Blade,2018,1st,"30,000","55,000",,Mumbai ,28-Oct-22
52,KTM,390,2020,1st,"8,000","2,45,000",390,Mumbai ,28-Oct-22
53,Hero,Honda,2010,1st,"50,000","30,000",,Mumbai ,27-Oct-22
54,Bajaj,Avenger,2012,1st,"9,000","40,000",220,Mumbai ,27-Oct-22
55,Royal,Enfield,2016,2nd,"45,000","1,35,000",350,Mumbai ,27-Oct-22
56,Husqvarna,Svartpilen,2020,1st,"12,000","1,65,000",250,Mumbai ,27-Oct-22
57,Honda,CB,2016,1st,"13,000","45,000",160,Mumbai ,25-Oct-22
58,Yamaha,SZ,2011,1st,"33,000","25,000",,Mumbai ,24-Oct-22
59,Honda,Shine,2019,1st,"13,000","67,000",,Mumbai ,24-Oct-22
60,Royal,Enfield,2022,1st,"6,000","2,10,000",350,Mumbai ,20-Oct-22
61,Honda,Activa,2015,1st,"50,000","40,000",,Mumbai ,19-Oct-22
62,Royal,Enfield,2019,1st,"4,896","2,90,000",650,Mumbai ,17-Oct-22
63,Honda,CB,2016,1st,"14,950","40,000",,Mumbai ,17-Oct-22
64,Honda,CB,2011,1st,"75,000","10,000",,Mumbai ,17-Oct-22
65,Yamaha,FZ,2019,1st,"35,000","75,000",,Mumbai ,17-Oct-22
66,Bajaj,Pulsar,2021,1st,"18,000","1,00,000",,Mumbai ,17-Oct-22
67,Hero,Passion,2014,1st,"35,000","45,000",,Mumbai ,14-Oct-22
68,Royal,Enfield,2019,1st,"10,000","2,60,000",650,Mumbai ,13-Oct-22
69,Bajaj,Avenger,2016,1st,"50,000","60,000",150,Mumbai ,13-Oct-22
70,Yamaha,FZ16,2014,1st,"50,000","30,000",,Mumbai ,11-Oct-22
71,Yamaha,FZ,2015,1st,"23,500","60,000",,Mumbai ,11-Oct-22
72,Honda,Grazia,2020,1st,"14,000","87,000",,Mumbai ,11-Oct-22
73,Honda,CB,2018,1st,"28,000","55,000",,Mumbai ,11-Oct-22
74,Bajaj,Pulsar,2019,1st,"2,100","85,000",150,Mumbai ,11-Oct-22
75,Hero,Pleasure,2013,1st,"36,000","30,000",,Mumbai ,11-Oct-22
76,Hero,Honda,2010,1st,"7,000","35,000",,Mumbai ,11-Oct-22
77,Vespa,VX,2013,1st,"5,800","54,000",125,Mumbai ,11-Oct-22
78,Honda,CB,2018,1st,"10,000","60,000",,Mumbai ,11-Oct-22
79,Suzuki,Access,2019,1st,"16,000","70,000",125,Mumbai ,11-Oct-22
80,Bajaj,Pulsar,2019,1st,"17,000","70,000",150,Mumbai ,11-Oct-22
81,Honda,CB,2017,1st,"27,000","70,000",,Mumbai ,11-Oct-22
82,Honda,Aviator,2017,1st,"3,113","38,000",,Mumbai ,06-Oct-22
83,Bajaj,Avenger,2016,1st,"18,000","50,000",220,Mumbai ,06-Oct-22
84,Honda,Hness,2021,1st,"4,800","2,00,000",,Mumbai ,06-Oct-22
85,KTM,390,2021,1st,"7,000","2,75,000",390,Mumbai ,06-Oct-22
86,Honda,Activa,2015,1st,"10,000","45,000",,Mumbai ,06-Oct-22
87,Honda,Unicorn,2021,1st,"9,000","1,10,000",,Mumbai ,06-Oct-22
88,Royal,Enfield,2016,2nd,"22,000","1,20,000",500,Mumbai ,06-Oct-22
89,Royal,Enfield,2020,1st,"26,000","1,90,000",350,Mumbai ,06-Oct-22
90,Jawa,Perak,2020,1st,"2,500","2,10,000",,Mumbai ,06-Oct-22
91,Hero,Passion,2014,1st,"35,000","45,000",,Mumbai ,04-Oct-22
92,Bajaj,Avenger,2018,1st,"11,600","75,000",220,Mumbai ,03-Oct-22
93,Yamaha,FZ,2017,1st,"10,000","70,000",,Mumbai ,03-Oct-22
94,Honda,CB,2016,1st,"38,000","50,000",,Mumbai ,30-Sep-22
95,Honda,Activa,2018,1st,"20,000","60,000",,Mumbai ,30-Sep-22
96,Honda,X-Blade,2018,1st,"10,000","90,000",,Mumbai ,30-Sep-22
97,Yamaha,FZ,2015,1st,"87,000","40,000",,Mumbai ,29-Sep-22
98,Bajaj,Pulsar,2006,1st,"80,000","20,000",150,Mumbai ,28-Sep-22
99,Jawa,42,2020,1st,"22,000","1,40,000",,Mumbai ,28-Sep-22
100,Honda,Navi,2016,1st,"5,500","25,000",,Mumbai ,27-Sep-22
101,Hero,Xtreme,2020,1st,"4,600","1,10,000",,Mumbai ,24-Sep-22
102,Bajaj,Dominar,2017,1st,"21,000","1,20,000",400,Mumbai ,24-Sep-22
103,Yamaha,FZ,2016,1st,"23,000","50,000",,Mumbai ,22-Sep-22
104,Hero,Impulse,2012,1st,"20,000","70,000",,Mumbai ,22-Sep-22
105,Hero,Honda,2012,1st,"87,665","30,000",,Mumbai ,21-Sep-22
106,Honda,Shine,2016,1st,"26,000","40,000",,Mumbai ,21-Sep-22
107,TVS,Apache,2018,2nd,"21,000","1,50,000",,Mumbai ,20-Sep-22
108,Royal,Enfield,2021,1st,"8,000","2,10,000",,Mumbai ,20-Sep-22
109,TVS,Apache,2018,1st,"20,000","1,80,000",,Mumbai ,20-Sep-22
110,Bajaj,Discover125,2012,2nd,"50,000","20,000",,Mumbai ,19-Sep-22
111,Hero,Electric,2019,1st,"6,100","50,000",,Mumbai ,19-Sep-22
112,Bajaj,Avenger,2018,2nd,"22,000","85,000",220,Mumbai ,15-Sep-22
113,Suzuki,Gixxer,2016,3rd,"23,000","50,000",,Mumbai ,15-Sep-22
114,Royal,Enfield,2018,1st,"15,000","1,45,000",,Mumbai ,15-Sep-22
115,Yamaha,YZF,2020,1st,"1,800","1,40,000",,Mumbai ,14-Sep-22
116,Honda,CB,2015,1st,"27,457","45,000",,Mumbai ,14-Sep-22
117,Suzuki,Burgman,2022,1st,"1,600","1,00,000",125,Mumbai ,14-Sep-22
118,Honda,X-Blade,2020,1st,"3,300","1,10,000",,Mumbai ,14-Sep-22
119,Bajaj,Pulsar,2020,1st,"21,000","1,20,000",,Mumbai ,14-Sep-22
0,Honda,Activa,2016,2nd,"36,365","35,000",,Pune ,07-Dec-22
1,Bajaj,Pulsar,2015,1st,"70,000","65,000",150,Pune ,07-Dec-22
2,Bajaj,Pulsar,2009,1st,"71,000","30,000",150,Pune ,07-Dec-22
3,Yamaha,FZ16,2010,1st,"28,000","55,000",,Pune ,07-Dec-22
4,Hero,Honda,2008,2nd,"33,755","20,000",,Pune ,05-Dec-22
5,Bajaj,Avenger,2011,1st,"95,000","35,000",220,Pune ,05-Dec-22
6,Hero,Passion,2014,1st,"38,600","40,000",,Pune ,05-Dec-22
7,Honda,Shine,2011,1st,"40,000","40,000",,Pune ,05-Dec-22
8,Yamaha,FZ16,2009,1st,"27,000","50,000",,Pune ,05-Dec-22
9,Bajaj,Avenger,2015,1st,"18,000","65,000",220,Pune ,05-Dec-22
10,TVS,Apache,2019,1st,"1,500","95,000",160,Pune ,02-Dec-22
11,Honda,Activa,2010,1st,"4,000","20,000",,Pune ,02-Dec-22
12,Bajaj,Dominar,2019,1st,"14,000","1,70,000",400,Pune ,01-Dec-22
13,Royal,Enfield,2013,2nd,"4,000","90,000",350,Pune ,01-Dec-22
14,TVS,Scooty,2009,1st,"15,000","17,000",,Pune ,01-Dec-22
15,Yamaha,FZ,2015,1st,"45,000","60,000",,Pune ,01-Dec-22
16,Benling,Aura,2021,1st,"18,000","60,000",,Pune ,01-Dec-22
17,Bajaj,Avenger,2017,1st,"17,600","80,000",180,Pune ,01-Dec-22
18,Bajaj,Avenger,2017,1st,"25,000","80,000",150,Pune ,01-Dec-22
19,Yamaha,YZF,2012,2nd,"71,000","48,000",,Pune ,29-Nov-22
20,Hero,Honda,2009,1st,"71,600","60,000",,Pune ,29-Nov-22
21,Royal,Enfield,2021,1st,"3,500","3,20,000",650,Pune ,29-Nov-22
22,Bajaj,Avenger,2018,1st,"8,500","85,000",180,Pune ,29-Nov-22
23,Bajaj,Discover,2012,2nd,"1,00,000","20,000",100,Pune ,29-Nov-22
24,Bajaj,Dominar,2017,2nd,"13,000","1,25,000",400,Pune ,29-Nov-22
25,Hero,Splendor,2012,1st,"53,329","40,000",,Pune ,27-Nov-22
26,Honda,Activa,2016,1st,"13,789","45,000",,Pune ,27-Nov-22
27,Yamaha,FZ,2014,1st,"33,000","40,000",,Pune ,27-Nov-22
28,Bajaj,Discover,2012,2nd,"1,00,000","15,000",100,Pune ,27-Nov-22
29,Bajaj,Pulsar,2015,1st,"80,000","35,000",150,Pune ,27-Nov-22
30,Suzuki,Access,2016,1st,"42,000","40,000",125,Pune ,27-Nov-22
31,Bajaj,Pulsar,2018,2nd,"24,600","1,00,000",,Pune ,24-Nov-22
32,Hero,Xpulse,2022,1st,"3,000","1,40,000",200,Pune ,24-Nov-22
33,Suzuki,Intruder,2018,1st,"35,500","75,000",150,Pune ,24-Nov-22
34,TVS,Apache,2010,1st,"77,000","30,000",160,Pune ,24-Nov-22
35,TVS,Apache,2010,1st,"77,000","30,000",160,Pune ,24-Nov-22
36,Honda,CB,2015,1st,"60,000","50,000",160,Pune ,24-Nov-22
37,TVS,Apache,2012,1st,"45,000","45,000",160,Pune ,23-Nov-22
38,Royal,Enfield,2015,1st,"64,222","1,25,000",350,Pune ,23-Nov-22
39,Bajaj,Pulsar,2016,1st,"16,800","85,000",200,Pune ,21-Nov-22
40,BMW,G310GS,2018,1st,"10,000","2,30,000",,Pune ,21-Nov-22
41,Bajaj,Avenger,2015,2nd,"40,000","45,000",220,Pune ,21-Nov-22
42,Honda,Shine,2020,1st,"36,000","60,000",,Pune ,21-Nov-22
43,Royal,Enfield,2018,1st,"22,900","1,50,000",,Pune ,20-Nov-22
44,Triumph,Rocket,2020,1st,"1,327","21,00,000",,Pune ,19-Nov-22
45,Hero,Splendor,2015,1st,"85,000","45,000",,Pune ,18-Nov-22
46,Honda,Dio,2009,2nd,"50,000","22,000",,Pune ,18-Nov-22
47,TVS,Apache,2022,1st,"2,000","1,40,000",160,Pune ,18-Nov-22
48,Jawa,42,2020,1st,"3,150","1,69,000",,Pune ,17-Nov-22
49,Yezdi,Roadster,2022,1st,"1,500","2,20,000",,Pune ,17-Nov-22
50,Hero,Karizma,2010,1st,"20,000","50,000",,Pune ,17-Nov-22
51,Royal,Enfield,2016,1st,"38,000","1,20,000",350,Pune ,17-Nov-22
52,TVS,Apache,2020,1st,"5,500","2,40,000",,Pune ,17-Nov-22
53,Royal,Enfield,2017,1st,"17,600","1,30,000",,Pune ,16-Nov-22
54,Bajaj,Pulsar,2019,1st,"13,800","63,000",150,Pune ,16-Nov-22
55,TVS,Apache,2011,1st,"55,000","35,000",160,Pune ,16-Nov-22
56,Hero,Karizma,2010,1st,"20,000","50,000",,Pune ,16-Nov-22
57,Royal,Enfield,2015,2nd,"28,700","1,00,000",350,Pune ,16-Nov-22
58,Bajaj,Pulsar,2014,1st,"37,500","30,000",150,Pune ,14-Nov-22
59,KTM,250,2020,1st,"5,000","2,20,000",250,Pune ,12-Nov-22
60,Yamaha,Fazer,2011,2nd,"40,000","35,000",,Pune ,10-Nov-22
61,Honda,Activa,2021,1st,"16,000","85,000",,Pune ,10-Nov-22
62,TVS,Apache,2018,2nd,"16,277","1,70,000",,Pune ,10-Nov-22
63,KTM,250,2020,1st,"10,500","1,85,000",250,Pune ,10-Nov-22
64,Vespa,VXL,2021,1st,"2,800","1,20,000",125,Pune ,10-Nov-22
65,Bajaj,Pulsar,2014,1st,"80,000","42,000",150,Pune ,10-Nov-22
66,Hero,Duet,2017,1st,"45,000","35,000",,Pune ,10-Nov-22
67,Yamaha,FZ,2017,1st,"36,000","65,000",,Pune ,10-Nov-22
68,TVS,Apache,2020,1st,"30,000","80,000",160,Pune ,10-Nov-22
69,Hyosung,Aquila,2017,1st,"12,000","2,50,000",,Pune ,10-Nov-22
70,Bajaj,Pulsar,2014,1st,"11,000","40,000",150,Pune ,08-Nov-22
71,Bajaj,Avenger,2012,1st,"5,000","59,000",220,Pune ,08-Nov-22
72,TVS,Jupiter,2014,1st,"26,500","35,000",,Pune ,08-Nov-22
73,Suzuki,Access,2010,1st,"38,000","25,000",125,Pune ,08-Nov-22
74,Honda,Activa,2007,1st,"77,000","15,000",,Pune ,08-Nov-22
75,Honda,Dio,2009,1st,"1,70,000","25,000",,Pune ,08-Nov-22
76,Suzuki,Access,2013,2nd,"22,000","32,000",125,Pune ,08-Nov-22
77,Suzuki,Swish,2013,1st,"29,500","42,000",,Pune ,08-Nov-22
78,Honda,CB,2017,1st,"8,90,000","80,000",,Pune ,08-Nov-22
79,Honda,CB,2018,1st,"48,000","60,000",,Pune ,03-Nov-22
80,Hero,Karizma,2010,3rd,"48,000","45,000",,Pune ,03-Nov-22
81,TVS,Apache,2015,1st,"20,400","60,000",160,Pune ,03-Nov-22
82,Yamaha,FZ16,2010,1st,"10,100","70,000",,Pune ,03-Nov-22
83,Honda,CB,2019,1st,"5,000","85,000",,Pune ,03-Nov-22
84,Vespa,VX,2017,1st,"17,000","90,000",125,Pune ,03-Nov-22
85,Honda,CB,2020,1st,"20,000","1,00,000",,Pune ,03-Nov-22
86,Honda,Dream,2013,1st,"23,900","45,000",,Pune ,30-Oct-22
87,Bajaj,Avenger,2017,2nd,"32,000","75,000",150,Pune ,30-Oct-22
88,Honda,Activa,2019,1st,"25,000","68,000",,Pune ,30-Oct-22
89,KTM,390,2017,1st,"14,229","2,00,000",390,Pune ,28-Oct-22
90,Honda,CB,2015,1st,"3,00,000","40,000",160,Pune ,28-Oct-22
91,Bajaj,Discover,2011,1st,"22,000","10,000",100,Pune ,28-Oct-22
92,Mahindra,Gusto,2015,2nd,"33,000","25,000",,Pune ,26-Oct-22
93,Bajaj,Discover,2013,1st,"90,000","35,000",125,Pune ,26-Oct-22
94,Hero,Honda,2003,1st,"72,000","39,900",,Pune ,25-Oct-22
95,Mahindra,Rodeo,2012,1st,"22,000","39,900",,Pune ,25-Oct-22
96,KTM,390,2021,1st,"3,738","2,70,000",390,Pune ,25-Oct-22
97,Royal,Enfield,2010,1st,"61,000","80,000",,Pune ,24-Oct-22
98,Suzuki,Access,2013,1st,"60,000","20,000",125,Pune ,24-Oct-22
99,Bajaj,Pulsar,2010,1st,"90,000","40,000",150,Pune ,24-Oct-22
100,Yamaha,FZ,2020,1st,"26,800","90,000",,Pune ,21-Oct-22
101,Honda,Aviator,2010,1st,"45,000","40,000",,Pune ,20-Oct-22
102,Yamaha,FZ,2013,1st,"50,000","40,000",,Pune ,18-Oct-22
103,Hero,Honda,2010,2nd,"40,000","40,000",,Pune ,18-Oct-22
104,Honda,Shine,2018,1st,"53,777","77,000",,Pune ,18-Oct-22
105,Honda,CBF,2010,1st,"50,000","25,000",,Pune ,17-Oct-22
106,Hero,Pleasure,2013,1st,"20,000","25,000",,Pune ,17-Oct-22
107,Yamaha,FZ,2014,2nd,"32,000","45,000",,Pune ,17-Oct-22
108,Bajaj,Pulsar,2019,1st,"29,000","80,000",,Pune ,17-Oct-22
109,Royal,Enfield,2016,1st,"6,500","1,60,000",500,Pune ,17-Oct-22
110,Hero,Honda,2009,1st,"30,000","25,000",,Pune ,16-Oct-22
111,Hero,Karizma,2014,1st,"20,000","60,000",,Pune ,16-Oct-22
112,Bajaj,Avenger,2015,2nd,"25,000","60,000",220,Pune ,16-Oct-22
113,Yamaha,FZ,2018,1st,"31,000","75,000",,Pune ,16-Oct-22
114,Bajaj,Pulsar,2020,1st,"12,500","1,00,000",,Pune ,16-Oct-22
115,Yamaha,Alpha,2017,1st,"15,500","55,000",,Pune ,14-Oct-22
116,TVS,Ntorq,2020,1st,"11,492","65,000",125,Pune ,14-Oct-22
117,Suzuki,Access,2015,3rd,"28,000","28,000",125,Pune ,14-Oct-22
118,KTM,200,2021,1st,"6,000","1,80,000",200,Pune ,13-Oct-22
119,Bajaj,Ct,2017,1st,"27,000","28,000",,Pune ,13-Oct-22
120,Honda,Activa,2021,1st,"22,000","90,000",125,Pune ,13-Oct-22
121,Hero,Honda,2011,1st,"40,000","40,000",,Pune ,12-Oct-22
122,TVS,Apache,2017,1st,"44,000","70,000",160,Pune ,12-Oct-22
123,Bajaj,Pulsar,2014,1st,"52,423","50,000",150,Pune ,11-Oct-22
124,Hero,Karizma,2010,1st,"55,000","30,000",,Pune ,11-Oct-22
125,TVS,Jupiter,2015,1st,"25,500","50,000",,Pune ,11-Oct-22
126,TVS,Streak,2012,2nd,"40,000","25,000",,Pune ,11-Oct-22
127,Royal,Enfield,2015,1st,"31,859","1,00,000",,Pune ,11-Oct-22
128,Hero,Honda,2012,1st,"97,000","25,000",,Pune ,11-Oct-22
129,Hero,HF,2014,1st,"37,000","33,000",,Pune ,11-Oct-22
130,Hero,Splendor,2017,2nd,"15,000","50,000",,Pune ,11-Oct-22
131,Bajaj,Pulsar,2015,1st,"13,000","60,000",150,Pune ,11-Oct-22
132,Yamaha,FZ16,2017,1st,"10,000","80,000",,Pune ,11-Oct-22
133,KTM,390,2021,1st,"3,500","3,50,000",390,Pune ,06-Oct-22
134,Triumph,Street,2020,1st,"9,000","10,99,000",,Pune ,06-Oct-22
135,Vespa,VX,2014,1st,"9,835","30,000",125,Pune ,06-Oct-22
136,Mahindra,Duro,2013,2nd,"13,000","22,000",,Pune ,06-Oct-22
137,Yamaha,Ray,2012,1st,"25,000","22,000",,Pune ,06-Oct-22
138,Bajaj,Xcd,2008,1st,"35,000","40,000",125,Pune ,06-Oct-22
139,Aprilia,SR,2019,1st,"22,000","50,000",125,Pune ,06-Oct-22
140,Bajaj,Pulsar,2011,1st,"44,500","49,000",150,Pune ,06-Oct-22
141,Honda,Activa,2016,1st,"37,244","40,000",,Pune ,06-Oct-22
142,Jawa,42,2021,1st,450,"1,85,000",,Pune ,06-Oct-22
143,Yamaha,FZ,2021,1st,"4,500","1,10,000",,Pune ,04-Oct-22
144,Honda,CBF,2009,2nd,"50,000","30,000",,Pune ,03-Oct-22
145,Hero,Honda,2000,1st,"50,000","40,000",,Pune ,03-Oct-22
146,Suzuki,Access,2010,1st,"40,000","28,000",125,Pune ,03-Oct-22
147,Bajaj,Avenger,2017,1st,"18,000","79,000",220,Pune ,01-Oct-22
148,Kawasaki,Ninja,2019,1st,"15,000","2,60,000",300,Pune ,30-Sep-22
149,Yamaha,YZF,2020,1st,"29,616","1,30,000",,Pune ,30-Sep-22
150,Honda,CBF,2008,2nd,"53,890","15,000",,Pune ,30-Sep-22
151,Honda,CB,2012,1st,"15,000","55,000",,Pune ,29-Sep-22
152,Suzuki,Gixxer,2019,1st,"9,847","1,10,000",,Pune ,28-Sep-22
153,Yamaha,YBR,2010,2nd,"50,000","20,000",110,Pune ,28-Sep-22
154,Bajaj,Avenger,2016,1st,"40,000","75,000",150,Pune ,26-Sep-22
155,Bajaj,Pulsar,2014,1st,"35,000","45,000",150,Pune ,26-Sep-22
156,KTM,250,2017,1st,"30,000","1,50,000",250,Pune ,26-Sep-22
157,KTM,250,2021,1st,"9,000","2,20,000",250,Pune ,26-Sep-22
158,Bajaj,Pulsar,2005,1st,"1,00,000","10,000",150,Pune ,26-Sep-22
159,Honda,Activa,2016,1st,"53,351","40,000",,Pune ,26-Sep-22
160,Honda,Dream,2016,1st,"14,000","45,000",,Pune ,26-Sep-22
161,Yamaha,FZ,2016,1st,"40,000","70,000",,Pune ,26-Sep-22
162,Yamaha,YZF,2018,1st,"15,500","1,05,000",,Pune ,26-Sep-22
163,Honda,SP,2020,1st,"18,000","76,000",125,Pune ,24-Sep-22
164,Hero,Pleasure,2013,1st,"35,000","35,000",,Pune ,24-Sep-22
165,Royal,Enfield,2016,1st,"31,000","1,00,000",350,Pune ,24-Sep-22
166,Bajaj,Avenger,2016,1st,"26,380","70,000",220,Pune ,22-Sep-22
167,Royal,Enfield,2003,3rd,"40,000","90,000",350,Pune ,22-Sep-22
168,Bajaj,Pulsar,2015,1st,"38,000","55,000",,Pune ,21-Sep-22
169,Suzuki,Access,2019,1st,"15,000","60,000",125,Pune ,21-Sep-22
170,TVS,Apache,2020,1st,"5,760","98,000",160,Pune ,20-Sep-22
171,Royal,Enfield,2020,1st,"4,000","3,30,000",650,Pune ,20-Sep-22
172,Yamaha,FZ,2019,1st,"12,500","88,000",,Pune ,20-Sep-22
173,Bajaj,Pulsar,2015,1st,"13,600","75,000",180,Pune ,20-Sep-22
174,KTM,390,2017,3rd,"20,000","1,95,000",390,Pune ,20-Sep-22
175,Honda,Activa,2017,1st,"22,600","49,500",125,Pune ,19-Sep-22
176,Hero,Honda,2008,1st,"1,00,000","25,000",,Pune ,19-Sep-22
177,Hero,Honda,2007,1st,"25,000","25,000",,Pune ,19-Sep-22
178,Hero,Honda,2009,1st,"57,000","30,000",,Pune ,19-Sep-22
179,Honda,Shine,2020,1st,"40,100","75,000",,Pune ,19-Sep-22
180,Bajaj,Pulsar,2020,1st,"28,000","1,25,000",,Pune ,19-Sep-22
181,Royal,Enfield,2012,2nd,"20,000","1,50,000",,Pune ,19-Sep-22
182,Royal,Enfield,2020,1st,"7,500","1,80,000",350,Pune ,19-Sep-22
183,Honda,Shine,2014,1st,"51,330","48,000",,Pune ,16-Sep-22
184,Bajaj,Pulsar,2014,1st,"34,900","65,000",,Pune ,15-Sep-22
185,TVS,Star,2018,1st,"80,000","35,000",,Pune ,15-Sep-22
186,TVS,Ntorq,2020,2nd,"23,000","70,000",125,Pune ,15-Sep-22
187,Royal,Enfield,2019,1st,"27,000","1,60,000",,Pune ,14-Sep-22
188,Bajaj,Pulsar,2019,1st,"40,000","95,000",,Pune ,14-Sep-22
189,Hero,Xpulse,2020,1st,"30,000","1,00,000",200,Pune ,14-Sep-22
190,Yamaha,FZ,2021,2nd,"5,000","1,20,000",,Pune ,14-Sep-22
191,Bajaj,Pulsar,2019,1st,"12,000","1,40,000",200,Pune ,14-Sep-22
192,Suzuki,Gixxer,2015,1st,"30,171","45,000",,Pune ,13-Sep-22
193,Royal,Enfield,2019,1st,"6,000","1,60,000",350,Pune ,13-Sep-22
194,Harley-Davidson,Sportster,2017,1st,"3,000","7,50,000",,Pune ,13-Sep-22
195,Royal,Enfield,2014,1st,"35,000","1,20,000",350,Pune ,13-Sep-22
196,TVS,Victor,2016,1st,"80,000","55,000",,Pune ,13-Sep-22
197,Royal,Enfield,2019,1st,"1,200","2,95,000",650,Pune ,13-Sep-22
198,Honda,Activa,2019,1st,"8,000","70,000",,Pune ,13-Sep-22
199,Jawa,42,2019,1st,"25,000","1,25,000",,Pune ,13-Sep-22
0,Vespa,SXL,2018,1st,"24,000","80,000",125,Chennai ,07-Dec-22
1,Honda,CB,2013,1st,"29,000","40,000",,Chennai ,07-Dec-22
2,Honda,Activa,2017,1st,"18,000","60,000",,Chennai ,07-Dec-22
3,Honda,CB,2018,1st,"8,519","45,000",,Chennai ,06-Dec-22
4,Yamaha,YZF,2011,1st,"38,000","62,000",,Chennai ,06-Dec-22
5,Bajaj,Pulsar,2011,2nd,"46,000","40,000",180,Chennai ,05-Dec-22
6,Hero,Passion,2020,1st,"30,000","60,000",,Chennai ,05-Dec-22
7,Honda,Dio,2019,1st,"46,000","65,000",,Chennai ,02-Dec-22
8,Honda,CB,2016,1st,"32,000","40,000",,Chennai ,30-Nov-22
9,Bajaj,Platina,2012,1st,"28,000","27,000",100,Chennai ,30-Nov-22
10,Bajaj,Pulsar,2011,1st,"44,000","40,000",220,Chennai ,29-Nov-22
11,Bajaj,Platina,2018,2nd,"19,000","50,000",100,Chennai ,29-Nov-22
12,Yamaha,FZ,2018,1st,"10,000","70,000",,Chennai ,29-Nov-22
13,Bajaj,Pulsar,2019,1st,"17,700","1,00,000",,Chennai ,29-Nov-22
14,KTM,250,2018,1st,"54,000","1,40,000",250,Chennai ,29-Nov-22
15,Royal,Enfield,2015,1st,"28,000","1,30,000",500,Chennai ,27-Nov-22
16,Hero,Passion,2021,1st,"15,000","62,000",,Chennai ,27-Nov-22
17,Bajaj,Pulsar,2007,1st,"60,000","15,000",150,Chennai ,24-Nov-22
18,Hero,Honda,2012,1st,"22,000","32,000",,Chennai ,24-Nov-22
19,Benelli,TNT,2019,1st,"20,000","1,10,000",,Chennai ,24-Nov-22
20,Bajaj,Pulsar,2019,1st,"33,250","1,15,000",,Chennai ,24-Nov-22
21,Royal,Enfield,2016,2nd,"31,000","1,40,000",,Chennai ,24-Nov-22
22,KTM,390,2015,2nd,"23,000","1,50,000",390,Chennai ,24-Nov-22
23,Yamaha,MT,2021,1st,"13,500","1,80,000",,Chennai ,24-Nov-22
24,Hero,Passion,2020,1st,"14,460","62,000",,Chennai ,20-Nov-22
25,Bajaj,Dominar,2017,1st,"12,850","1,35,000",400,Chennai ,19-Nov-22
26,Jawa,Standard,2019,1st,"46,000","1,30,000",,Chennai ,19-Nov-22
27,Benelli,Imperiale,2020,1st,"7,500","1,80,000",400,Chennai ,19-Nov-22
28,Yamaha,FZ25,2018,1st,"40,000","85,000",,Chennai ,17-Nov-22
29,Yamaha,Rx,1999,2nd,"60,000","75,000",,Chennai ,17-Nov-22
30,Bajaj,Avenger,2016,1st,"30,000","68,000",220,Chennai ,17-Nov-22
31,Jawa,Standard,2000,1st,"20,000","1,50,000",,Chennai ,17-Nov-22
32,Bajaj,Avenger,2018,1st,"27,440","70,000",180,Chennai ,16-Nov-22
33,Bajaj,Pulsar,2008,1st,"1,00,000","10,000",150,Chennai ,16-Nov-22
34,Suzuki,GS150R,2015,1st,"1,10,000","50,000",,Chennai ,16-Nov-22
35,Bajaj,Pulsar,2008,1st,"2,00,000","10,000",150,Chennai ,14-Nov-22
36,Hero,Honda,2011,1st,"60,000","20,000",,Chennai ,14-Nov-22
37,Bajaj,Discover,2015,1st,"71,000","30,000",,Chennai ,14-Nov-22
38,Bajaj,Discover,2011,1st,"62,900","20,000",150,Chennai ,12-Nov-22
39,TVS,Apache,2018,2nd,"35,000","80,000",160,Chennai ,10-Nov-22
40,Honda,Dream,2014,1st,"58,000","30,000",,Chennai ,10-Nov-22
41,Yamaha,R15,2022,1st,700,"2,12,000",,Chennai ,10-Nov-22
42,Yezdi,Scrambler,2022,1st,"3,200","2,10,000",,Chennai ,10-Nov-22
43,Royal,Enfield,2018,1st,"35,000","1,50,000",350,Chennai ,08-Nov-22
44,Suzuki,SlingShot,2011,1st,"20,409","17,000",,Chennai ,08-Nov-22
45,Hero,Honda,2007,1st,"25,000","18,000",,Chennai ,08-Nov-22
46,Bajaj,Pulsar,2018,1st,"48,000","75,000",220,Chennai ,08-Nov-22
47,Honda,CB,2012,1st,"60,000","25,000",,Chennai ,08-Nov-22
48,Yamaha,Ray,2014,1st,"35,000","35,000",,Chennai ,08-Nov-22
49,Aprilia,SR150,2017,1st,"12,666","70,000",,Chennai ,08-Nov-22
50,TVS,Apache,2020,1st,"7,500","90,000",160,Chennai ,08-Nov-22
51,Bajaj,Pulsar,2017,1st,"30,000","70,000",,Chennai ,03-Nov-22
52,Hero,Pleasure,2013,1st,"56,760","18,500",,Chennai ,30-Oct-22
53,Hero,Honda,2007,2nd,"60,000","20,000",,Chennai ,30-Oct-22
54,Yamaha,Fazer,2011,1st,"30,000","38,000",,Chennai ,30-Oct-22
55,Yamaha,FZ,2022,1st,"3,300","1,35,000",,Chennai ,30-Oct-22
56,Yamaha,SZ-RR,2016,1st,"50,000","35,000",,Chennai ,27-Oct-22
57,Yamaha,YZF,2009,1st,"30,000","45,000",,Chennai ,27-Oct-22
58,Hero,Honda,2012,1st,"30,000","20,000",,Chennai ,26-Oct-22
59,TVS,Scooty,2017,1st,"6,000","40,000",,Chennai ,26-Oct-22
60,Yamaha,YZF,2020,1st,"20,000","1,50,000",,Chennai ,26-Oct-22
61,Royal,Enfield,2019,1st,"9,000","2,75,000",650,Chennai ,26-Oct-22
62,Royal,Enfield,2019,2nd,"21,000","1,50,000",350,Chennai ,25-Oct-22
63,Yamaha,YZF,2020,1st,"4,500","1,40,000",,Chennai ,25-Oct-22
64,Bajaj,Pulsar,2016,2nd,"49,000","35,000",150,Chennai ,24-Oct-22
65,Yamaha,FZ16,2014,1st,"66,000","35,000",,Chennai ,24-Oct-22
66,Hero,Passion,2018,1st,"24,000","40,000",,Chennai ,24-Oct-22
67,Bajaj,Discover125,2005,2nd,"86,000","10,000",,Chennai ,21-Oct-22
68,Bajaj,Caliber,2006,2nd,"1,00,000","10,000",,Chennai ,20-Oct-22
69,Honda,Shine,2013,1st,"38,000","20,000",,Chennai ,20-Oct-22
70,Bajaj,Dominar,2018,1st,"40,600","1,20,000",400,Chennai ,17-Oct-22
71,BMW,G,2020,1st,"11,000","2,80,000",310,Chennai ,17-Oct-22
72,Royal,Enfield,2015,2nd,"70,000","1,00,000",500,Chennai ,17-Oct-22
73,TVS,Apache,2021,1st,"14,500","1,40,000",200,Chennai ,17-Oct-22
74,Honda,Shine,2006,1st,"36,000","20,000",,Chennai ,16-Oct-22
75,Bajaj,Pulsar,2012,1st,"80,000","30,000",150,Chennai ,16-Oct-22
76,KTM,200,2016,1st,"20,000","1,10,000",200,Chennai ,14-Oct-22
77,TVS,Scooty,2010,1st,"18,945","10,000",,Chennai ,14-Oct-22
78,BMW,G,2018,1st,"25,250","1,70,000",310,Chennai ,13-Oct-22
79,KTM,200,2019,1st,"64,000","1,50,000",200,Chennai ,13-Oct-22
80,Honda,Dio,2017,1st,"40,000","40,000",,Chennai ,13-Oct-22
81,Bajaj,Pulsar,2019,1st,"8,500","1,50,000",200,Chennai ,13-Oct-22
82,Yamaha,FZ,2014,1st,"34,500","40,000",,Chennai ,11-Oct-22
83,Yamaha,FZ,2012,1st,"40,000","35,000",,Chennai ,11-Oct-22
84,Suzuki,MAX100,1999,1st,"50,000","10,000",,Chennai ,11-Oct-22
85,TVS,Scooty,2012,2nd,"16,000","14,000",,Chennai ,11-Oct-22
86,TVS,XL100,2013,1st,"25,000","15,000",,Chennai ,11-Oct-22
87,Hero,Honda,2010,1st,"59,000","20,000",,Chennai ,11-Oct-22
88,Hero,Honda,2009,1st,"60,000","22,000",,Chennai ,11-Oct-22
89,Yamaha,Fazer,2011,1st,"80,000","30,000",,Chennai ,11-Oct-22
90,TVS,Apache,2018,1st,"60,000","70,000",160,Chennai ,11-Oct-22
91,Bajaj,Avenger,2019,1st,"11,000","90,000",220,Chennai ,11-Oct-22
92,Royal,Enfield,2017,1st,"22,000","1,70,000",500,Chennai ,11-Oct-22
93,TVS,Apache,2018,2nd,"48,000","55,000",160,Chennai ,06-Oct-22
94,Aprilia,Storm,2020,1st,"13,000","85,000",125,Chennai ,06-Oct-22
95,Royal,Enfield,2021,1st,"4,800","2,05,000",350,Chennai ,06-Oct-22
96,Royal,Enfield,2022,1st,"2,150","3,75,000",650,Chennai ,06-Oct-22
97,Royal,Enfield,2013,1st,"15,000","1,20,000",500,Chennai ,06-Oct-22
98,TVS,Jive,2010,1st,"64,150","12,000",,Chennai ,06-Oct-22
99,Yamaha,Rx,2004,1st,"46,000","80,000",,Chennai ,06-Oct-22
100,Yamaha,FZ,2020,1st,"18,000","90,000",,Chennai ,06-Oct-22
101,TVS,Scooty,2010,1st,"2,45,311","14,000",,Chennai ,03-Oct-22
102,Honda,Activa,2016,1st,"76,900","40,000",,Chennai ,01-Oct-22
103,Honda,CB,2018,1st,"31,500","55,000",,Chennai ,01-Oct-22
104,TVS,Apache,2022,1st,"9,000","1,40,000",200,Chennai ,30-Sep-22
105,Yamaha,MT,2021,1st,"13,000","1,70,000",,Chennai ,30-Sep-22
106,Yamaha,FZ,2019,1st,"30,000","55,000",,Chennai ,28-Sep-22
107,TVS,Ntorq,2019,1st,"8,210","70,000",125,Chennai ,28-Sep-22
108,Jawa,Perak,2021,1st,"6,000","2,05,000",,Chennai ,26-Sep-22
109,Bajaj,Discover125,2012,1st,"65,000","20,000",,Chennai ,26-Sep-22
110,Hero,Honda,2011,1st,"36,000","25,000",,Chennai ,26-Sep-22
111,Bajaj,Avenger,2016,1st,"40,000","70,000",220,Chennai ,26-Sep-22
112,Yamaha,Ray,2014,1st,"5,000","40,000",,Chennai ,24-Sep-22
113,Royal,Enfield,2016,1st,"18,475","1,40,000",500,Chennai ,21-Sep-22
114,Honda,Activa,2019,1st,"24,750","72,000",,Chennai ,21-Sep-22
115,Honda,Activa,2019,1st,"24,750","68,000",,Chennai ,21-Sep-22
116,Yamaha,YZF,2018,1st,"31,000","85,000",,Chennai ,21-Sep-22
117,Royal,Enfield,2017,1st,"19,000","1,40,000",,Chennai ,20-Sep-22
118,Yezdi,Roadster,2022,1st,"2,500","2,00,000",,Chennai ,20-Sep-22
119,Bajaj,Pulsar,2019,1st,"16,000","60,000",150,Chennai ,19-Sep-22
120,Honda,CB,2019,1st,"13,000","75,000",,Chennai ,19-Sep-22
121,Yamaha,FZ,2014,1st,"39,000","60,000",,Chennai ,16-Sep-22
122,Bajaj,Pulsar,2017,1st,"21,000","80,000",220,Chennai ,16-Sep-22
123,TVS,Apache,2018,1st,"36,000","70,000",160,Chennai ,15-Sep-22
124,Benelli,TNT,2018,1st,"24,000","1,40,000",,Chennai ,14-Sep-22
125,Yamaha,Fazer,2016,1st,"79,361","50,000",,Chennai ,14-Sep-22
126,KTM,200,2017,1st,"25,000","1,20,000",200,Chennai ,14-Sep-22
127,Yezdi,Adventure,2022,1st,"3,200","2,30,000",,Chennai ,14-Sep-22
128,Bajaj,Pulsar,2019,2nd,"16,387","81,000",150,Chennai ,13-Sep-22
129,Royal,Enfield,2019,1st,"2,66,000","1,35,000",350,Chennai ,13-Sep-22
130,Honda,Activa,2014,1st,"24,000","35,000",,Chennai ,13-Sep-22
131,Suzuki,Gixxer,2016,1st,"18,000","60,000",,Chennai ,13-Sep-22
132,Royal,Enfield,2020,1st,"6,500","1,90,000",350,Chennai ,13-Sep-22
133,Royal,Enfield,2021,1st,"4,500","2,10,000",350,Chennai ,12-Sep-22
134,Royal,Enfield,2021,1st,"4,200","2,95,000",650,Chennai ,12-Sep-22
135,Yamaha,Fascino,2017,1st,"19,000","34,000",110,Chennai ,12-Sep-22
136,Yamaha,Ray,2018,1st,"4,900","50,000",,Chennai ,12-Sep-22
137,Bajaj,Pulsar,2020,1st,"20,134","90,000",150,Chennai ,12-Sep-22
138,Yamaha,Ray,2018,1st,"6,475","50,000",,Chennai ,10-Sep-22
139,Bajaj,Avenger,2014,1st,"15,000","50,000",220,Chennai ,10-Sep-22
