brand,sub_brand,model_year,owner,kms_driven,price,location,updated_date,price_log,kms_cube
TVS,Scooty,2012,1,10000,12000,Hyderabad ,07-Dec-22,9,22
Bajaj,Pulsar,2010,2,50000,35000,Hyderabad ,07-Dec-22,10,37
Honda,CB,2017,1,59000,75000,Hyderabad ,06-Dec-22,11,39
TVS,Scooty,2019,1,9000,45000,Hyderabad ,06-Dec-22,11,21
Yamaha,Fascino,2016,1,25000,25000,Hyderabad ,05-Dec-22,10,29
Honda,Activa,2016,1,25000,35000,Hyderabad ,05-Dec-22,10,29
Honda,Shine,2009,1,75000,35000,Hyderabad ,05-Dec-22,10,42
Honda,Activa,2015,1,12500,42000,Hyderabad ,05-Dec-22,11,23
TVS,Star,2018,1,29000,45000,Hyderabad ,05-Dec-22,11,31
Honda,Activa,2017,1,61000,65000,Hyderabad ,05-Dec-22,11,39
Hero,Xpulse,2021,1,10600,110000,Hyderabad ,02-Dec-22,12,22
Suzuki,Gixxer,2018,1,30000,75000,Hyderabad ,02-Dec-22,11,31
Honda,Activa,2019,1,25000,80000,Hyderabad ,02-Dec-22,11,29
Royal,Enfield,2019,2,19400,230000,Hyderabad ,02-Dec-22,12,27
Aprilia,SR,2016,2,35000,50000,Hyderabad ,01-Dec-22,11,33
Yamaha,FZ16,2016,2,25535,65000,Hyderabad ,01-Dec-22,11,29
Yezdi,Roadster,2022,1,4500,220000,Hyderabad ,01-Dec-22,12,17
Yamaha,FZ,2018,1,65500,68000,Hyderabad ,29-Nov-22,11,40
Hero,Honda,2009,2,33345,29000,Hyderabad ,29-Nov-22,10,32
Suzuki,Gixxer,2015,1,25000,60000,Hyderabad ,29-Nov-22,11,29
TVS,Apache,2018,1,30000,80000,Hyderabad ,29-Nov-22,11,31
Royal,Enfield,2018,1,31400,145000,Hyderabad ,29-Nov-22,12,32
Hero,Honda,2009,1,33000,30000,Hyderabad ,27-Nov-22,10,32
Honda,Activa,2011,1,12000,30000,Hyderabad ,27-Nov-22,10,23
Yamaha,FZ,2015,1,50000,40000,Hyderabad ,27-Nov-22,11,37
Suzuki,Intruder,2019,2,16000,80000,Hyderabad ,24-Nov-22,11,25
Bajaj,Pulsar,2017,1,18000,69000,Hyderabad ,24-Nov-22,11,26
Bajaj,Pulsar,2021,1,14000,145000,Hyderabad ,24-Nov-22,12,24
Bajaj,Dominar,2020,1,17000,160000,Hyderabad ,24-Nov-22,12,26
Royal,Enfield,2020,1,15597,195000,Hyderabad ,24-Nov-22,12,25
Vespa,S,2015,1,30000,50000,Hyderabad ,24-Nov-22,11,31
Jawa,Standard,2019,1,22000,150000,Hyderabad ,24-Nov-22,12,28
Jawa,42,2022,1,850,300000,Hyderabad ,24-Nov-22,13,9
Hero,Pleasure,2007,2,49000,20000,Hyderabad ,23-Nov-22,10,37
Hero,Destini,2018,1,30000,50000,Hyderabad ,23-Nov-22,11,31
Yamaha,FZ,2018,1,21000,100000,Hyderabad ,23-Nov-22,12,28
Royal,Enfield,2022,1,74,350000,Hyderabad ,21-Nov-22,13,4
Hero,CBZ,2009,1,8000,30000,Hyderabad ,21-Nov-22,10,20
Hero,Hunk,2015,2,65000,45000,Hyderabad ,21-Nov-22,11,40
Hero,Xpulse,2021,1,6500,130000,Hyderabad ,19-Nov-22,12,19
Royal,Enfield,2022,1,1300,240000,Hyderabad ,19-Nov-22,12,11
TVS,Apache,2018,1,10000,60000,Hyderabad ,18-Nov-22,11,22
Bajaj,Discover,2014,1,25000,50000,Hyderabad ,18-Nov-22,11,29
Hero,Passion,2014,1,25000,30000,Hyderabad ,16-Nov-22,10,29
TVS,Apache,2013,1,92000,35000,Hyderabad ,16-Nov-22,10,45
Honda,Shine,2014,1,50000,50000,Hyderabad ,14-Nov-22,11,37
Suzuki,Gixxer,2015,1,62000,50000,Hyderabad ,14-Nov-22,11,40
Yamaha,FZ,2022,1,9100,140000,Hyderabad ,12-Nov-22,12,21
Bajaj,Pulsar,2021,1,11000,140000,Hyderabad ,10-Nov-22,12,22
KTM,RC,2017,2,39000,165000,Hyderabad ,10-Nov-22,12,34
Benelli,Leoncino,2020,1,9800,600000,Hyderabad ,10-Nov-22,13,21
Jawa,42,2021,1,5000,170000,Hyderabad ,10-Nov-22,12,17
Yamaha,R15,2022,1,504,210000,Hyderabad ,10-Nov-22,12,8
Hero,Xpulse,2022,1,6885,155000,Hyderabad ,10-Nov-22,12,19
Ducati,Scrambler,2019,2,2800,700000,Hyderabad ,10-Nov-22,13,14
CFMoto,650NK,2021,2,750,360000,Hyderabad ,10-Nov-22,13,9
Aprilia,SR150,2018,1,53000,72000,Hyderabad ,10-Nov-22,11,38
TVS,Apache,2021,1,7000,260000,Hyderabad ,10-Nov-22,12,19
TVS,Scooty,2014,1,27000,25000,Hyderabad ,08-Nov-22,10,30
Suzuki,Gixxer,2015,2,34000,40000,Hyderabad ,08-Nov-22,11,32
Royal,Enfield,2014,1,19000,110000,Hyderabad ,08-Nov-22,12,27
Hero,Pleasure,2013,1,40000,25000,Hyderabad ,08-Nov-22,10,34
Honda,Dream,2015,1,64000,35000,Hyderabad ,08-Nov-22,10,40
TVS,Star,2017,1,70412,45000,Hyderabad ,08-Nov-22,11,41
Hero,Glamour,2019,3,90000,45000,Hyderabad ,08-Nov-22,11,45
TVS,Apache,2016,2,31000,50000,Hyderabad ,08-Nov-22,11,31
Yamaha,FZ,2014,1,31000,60000,Hyderabad ,08-Nov-22,11,31
Honda,Activa,2018,1,3600,65000,Hyderabad ,08-Nov-22,11,15
Honda,Activa,2018,1,36000,65000,Hyderabad ,08-Nov-22,11,33
Honda,CB,2017,1,60000,70000,Hyderabad ,08-Nov-22,11,39
Bajaj,Avenger,2020,1,7000,90000,Hyderabad ,08-Nov-22,11,19
Bajaj,Pulsar,2019,1,22000,90000,Hyderabad ,08-Nov-22,11,28
Hero,Xpulse,2019,1,14050,98000,Hyderabad ,08-Nov-22,11,24
Royal,Enfield,2015,1,38000,150000,Hyderabad ,08-Nov-22,12,34
Hero,Glamour,2014,1,50000,39000,Hyderabad ,03-Nov-22,11,37
Vespa,S,2015,1,50000,40000,Hyderabad ,03-Nov-22,11,37
Suzuki,Access,2021,1,14000,80000,Hyderabad ,03-Nov-22,11,24
Hero,CBZ,2011,1,44000,40000,Hyderabad ,30-Oct-22,11,35
Hero,Passion,2019,2,21000,55000,Hyderabad ,28-Oct-22,11,28
Honda,Shine,2013,1,41000,30000,Hyderabad ,28-Oct-22,10,34
Honda,Livo,2015,1,49009,40000,Hyderabad ,28-Oct-22,11,37
Royal,Enfield,2004,2,78491,99000,Hyderabad ,27-Oct-22,12,43
Bajaj,Pulsar,2019,1,17000,82000,Hyderabad ,27-Oct-22,11,26
Royal,Enfield,2018,1,17390,160000,Hyderabad ,26-Oct-22,12,26
Bajaj,Pulsar,2020,1,34500,70000,Hyderabad ,25-Oct-22,11,33
Honda,CB,2018,1,23000,70000,Hyderabad ,25-Oct-22,11,28
Hero,Xpulse,2021,1,17709,120000,Hyderabad ,25-Oct-22,12,26
Benelli,Imperiale,2021,1,4390,210000,Hyderabad ,25-Oct-22,12,16
KTM,RC,2021,1,8500,230000,Hyderabad ,25-Oct-22,12,20
Yamaha,FZ25,2018,1,3500,110000,Hyderabad ,24-Oct-22,12,15
Hero,Honda,2011,2,50000,25000,Hyderabad ,24-Oct-22,10,37
Hero,Honda,2005,1,37678,30000,Hyderabad ,24-Oct-22,10,34
TVS,Apache,2012,1,96000,45000,Hyderabad ,24-Oct-22,11,46
Yamaha,FZ,2013,1,66000,35000,Hyderabad ,24-Oct-22,10,40
Hero,Glamour,2018,1,60000,50000,Hyderabad ,21-Oct-22,11,39
Royal,Enfield,2016,1,18000,160000,Hyderabad ,20-Oct-22,12,26
Bajaj,Discover,2012,1,55000,20000,Hyderabad ,20-Oct-22,10,38
Yamaha,FZ16,2016,1,15000,50000,Hyderabad ,20-Oct-22,11,25
Mahindra,Flyte,2005,1,100000,50000,Hyderabad ,20-Oct-22,11,46
Royal,Enfield,2019,1,4500,145000,Hyderabad ,20-Oct-22,12,17
Royal,Enfield,2021,1,12500,160000,Hyderabad ,20-Oct-22,12,23
Hero,Xtreme,2019,1,38000,95000,Hyderabad ,19-Oct-22,11,34
Yamaha,FZ,2012,1,100000,35000,Hyderabad ,18-Oct-22,10,46
TVS,Apache,2015,1,70000,50000,Hyderabad ,18-Oct-22,11,41
Royal,Enfield,2019,1,3600,260000,Hyderabad ,17-Oct-22,12,15
Bajaj,Avenger,2019,1,9900,85000,Hyderabad ,17-Oct-22,11,21
Hero,Xtreme,2019,1,38000,95000,Hyderabad ,17-Oct-22,11,34
Bajaj,Discover,2010,1,47000,35000,Hyderabad ,17-Oct-22,10,36
TVS,Star,2012,1,99000,40000,Hyderabad ,17-Oct-22,11,46
Honda,Aviator,2010,1,45000,18500,Hyderabad ,16-Oct-22,10,36
Honda,Shine,2013,1,130000,45001,Hyderabad ,16-Oct-22,11,51
Yamaha,FZ,2015,1,49000,50000,Hyderabad ,13-Oct-22,11,37
Yezdi,Roadster,2022,1,200,240000,Hyderabad ,13-Oct-22,12,6
Hero,Xpulse,2021,1,15000,140000,Hyderabad ,13-Oct-22,12,25
Jawa,Perak,2020,1,1400,220000,Hyderabad ,13-Oct-22,12,11
Honda,Activa,2016,1,60000,40000,Hyderabad ,13-Oct-22,11,39
Hero,Maestro,2018,1,34000,40000,Hyderabad ,13-Oct-22,11,32
Bajaj,Avenger,2014,1,45000,50000,Hyderabad ,13-Oct-22,11,36
Royal,Enfield,2016,2,33000,140000,Hyderabad ,13-Oct-22,12,32
Bajaj,Pulsar,2012,1,30000,40000,Hyderabad ,11-Oct-22,11,31
Royal,Enfield,2015,1,30000,150000,Hyderabad ,11-Oct-22,12,31
Bajaj,Discover125,2016,1,5000,45000,Hyderabad ,11-Oct-22,11,17
Bajaj,Pulsar,2018,1,36000,89999,Hyderabad ,11-Oct-22,11,33
TVS,Jupiter,2014,1,42000,35000,Hyderabad ,11-Oct-22,10,35
Honda,Activa,2016,1,95000,35000,Hyderabad ,11-Oct-22,10,46
Bajaj,Avenger,2015,1,40000,60000,Hyderabad ,11-Oct-22,11,34
Hero,Glamour,2019,1,20000,70000,Hyderabad ,11-Oct-22,11,27
Yamaha,FZ16,2017,1,29000,85000,Hyderabad ,11-Oct-22,11,31
Bajaj,Pulsar,2010,1,47000,36000,Hyderabad ,06-Oct-22,10,36
Benelli,TNT600i,2015,1,22000,500000,Hyderabad ,06-Oct-22,13,28
KTM,200,2020,1,12980,170000,Hyderabad ,06-Oct-22,12,24
Royal,Enfield,2018,1,36000,165000,Hyderabad ,06-Oct-22,12,33
Yamaha,FZ,2012,1,100000,40000,Hyderabad ,06-Oct-22,11,46
KTM,390,2017,1,11000,200000,Hyderabad ,06-Oct-22,12,22
Kawasaki,Versys,2017,1,6000,620000,Hyderabad ,06-Oct-22,13,18
Yamaha,FZ,2012,1,100000,35000,Hyderabad ,06-Oct-22,10,46
Yamaha,FZ,2021,1,8700,115000,Hyderabad ,06-Oct-22,12,21
Royal,Enfield,2019,1,36000,120000,Hyderabad ,06-Oct-22,12,33
KTM,250,2020,1,8456,185000,Hyderabad ,06-Oct-22,12,20
Husqvarna,Svartpilen,2021,1,7443,200000,Hyderabad ,06-Oct-22,12,20
Royal,Enfield,2018,1,19000,150000,Hyderabad ,04-Oct-22,12,27
Hero,Honda,2009,1,61000,15000,Hyderabad ,04-Oct-22,10,39
Honda,Activa,2014,1,92739,40000,Hyderabad ,04-Oct-22,11,45
Bajaj,Pulsar,2020,1,10000,110000,Hyderabad ,04-Oct-22,12,22
Hero,Glamour,2015,1,70000,42000,Hyderabad ,03-Oct-22,11,41
Suzuki,V-Strom,2020,1,14500,929999,Hyderabad ,30-Sep-22,14,24
Suzuki,Gixxer,2020,1,8500,110000,Hyderabad ,30-Sep-22,12,20
Hero,Honda,2009,1,50000,20000,Hyderabad ,27-Sep-22,10,37
Bajaj,Ct,2016,1,80000,32000,Hyderabad ,27-Sep-22,10,43
Honda,Activa,2015,2,100000,35000,Hyderabad ,27-Sep-22,10,46
TVS,Sport,2019,1,49356,45000,Hyderabad ,26-Sep-22,11,37
TVS,Apache,2019,1,10650,220000,Hyderabad ,26-Sep-22,12,22
KTM,200,2017,1,40000,130000,Hyderabad ,24-Sep-22,12,34
TVS,Star,2017,1,30000,50000,Hyderabad ,24-Sep-22,11,31
Honda,CB,2010,1,150000,20000,Hyderabad ,24-Sep-22,10,53
Bajaj,Discover125,2014,1,47200,35000,Hyderabad ,24-Sep-22,10,36
Honda,Shine,2013,1,60000,40000,Hyderabad ,24-Sep-22,11,39
Honda,Activa,2016,1,32939,40000,Hyderabad ,24-Sep-22,11,32
Honda,Activa,2019,1,55000,60000,Hyderabad ,24-Sep-22,11,38
Royal,Enfield,2019,1,11000,250000,Hyderabad ,24-Sep-22,12,22
Bajaj,Pulsar,2017,1,20000,120000,Hyderabad ,22-Sep-22,12,27
Husqvarna,Svartpilen,2020,1,2662,200000,Hyderabad ,21-Sep-22,12,14
Bajaj,Pulsar,2013,1,54000,60000,Hyderabad ,21-Sep-22,11,38
Yamaha,FZ,2020,1,5000,90000,Hyderabad ,21-Sep-22,11,17
KTM,200,2019,1,23000,135000,Hyderabad ,20-Sep-22,12,28
Suzuki,Access,2011,2,41000,21000,Hyderabad ,20-Sep-22,10,34
TVS,Scooty,2014,1,18950,27000,Hyderabad ,20-Sep-22,10,27
Bajaj,Dominar,2020,1,8000,140000,Hyderabad ,20-Sep-22,12,20
Hero,Xtreme,2021,1,15000,110000,Hyderabad ,20-Sep-22,12,25
Suzuki,Access,2011,2,41000,21000,Hyderabad ,19-Sep-22,10,34
Yamaha,FZ16,2013,1,57000,39000,Hyderabad ,19-Sep-22,11,38
Bajaj,V15,2016,1,17000,40000,Hyderabad ,19-Sep-22,11,26
Hero,Passion,2013,1,40000,35000,Hyderabad ,19-Sep-22,10,34
TVS,Jupiter,2017,1,49000,59499,Hyderabad ,19-Sep-22,11,37
Honda,CB,2017,1,55000,60000,Hyderabad ,19-Sep-22,11,38
Royal,Enfield,2014,1,11500,100000,Hyderabad ,19-Sep-22,12,23
Yamaha,FZ25,2018,1,28000,110000,Hyderabad ,19-Sep-22,12,30
Bajaj,Pulsar,2015,1,51000,55000,Hyderabad ,15-Sep-22,11,37
Honda,CB,2016,1,18000,60000,Hyderabad ,15-Sep-22,11,26
Yamaha,YZF,2018,1,15000,100000,Hyderabad ,15-Sep-22,12,25
Honda,Hness,2021,1,8500,210000,Hyderabad ,14-Sep-22,12,20
Royal,Enfield,2019,1,21000,250000,Hyderabad ,14-Sep-22,12,28
Yamaha,FZ,2013,1,90000,40000,Hyderabad ,14-Sep-22,11,45
Bajaj,Pulsar,2018,1,53500,70000,Hyderabad ,14-Sep-22,11,38
Hero,Splendor,2021,1,3000,72000,Hyderabad ,14-Sep-22,11,14
KTM,200,2017,1,30000,150000,Hyderabad ,14-Sep-22,12,31
Jawa,42,2021,1,15000,180000,Hyderabad ,13-Sep-22,12,25
Royal,Enfield,2015,1,8000,130000,Hyderabad ,13-Sep-22,12,20
Bajaj,Dominar,2020,1,10000,150000,Hyderabad ,13-Sep-22,12,22
Royal,Enfield,2022,1,8000,240000,Hyderabad ,13-Sep-22,12,20
TVS,Jupiter,2018,1,40000,48000,Hyderabad ,12-Sep-22,11,34
Yamaha,YZF,2011,1,23500,75000,Hyderabad ,12-Sep-22,11,29
Yamaha,Gladiator,2007,2,67000,7000,Hyderabad ,12-Sep-22,9,41
Honda,Activa,2014,1,23000,40000,Hyderabad ,12-Sep-22,11,28
Honda,CB,2013,1,49900,40000,Hyderabad ,12-Sep-22,11,37
TVS,Jupiter,2018,1,40000,48000,Hyderabad ,12-Sep-22,11,34
Yamaha,YZF,2015,1,27000,65000,Hyderabad ,12-Sep-22,11,30
Yamaha,FZ,2020,1,8762,90000,Hyderabad ,12-Sep-22,11,21
Yamaha,Fazer,2011,2,12000,45000,Bangalore ,07-Dec-22,11,23
Yamaha,FZ,2015,1,32366,72000,Bangalore ,07-Dec-22,11,32
Bajaj,Avenger,2022,1,800,155000,Bangalore ,07-Dec-22,12,9
TVS,Jupiter,2018,1,25000,50000,Bangalore ,07-Dec-22,11,29
TVS,Apache,2018,1,12400,60000,Bangalore ,07-Dec-22,11,23
Honda,CB,2017,1,8000,65000,Bangalore ,07-Dec-22,11,20
Hero,Glamour,2020,1,3600,75000,Bangalore ,07-Dec-22,11,15
Jawa,42,2019,2,16200,160000,Bangalore ,07-Dec-22,12,25
Honda,Activa,2018,1,8500,50000,Bangalore ,06-Dec-22,11,20
Bajaj,Avenger,2014,2,62000,48500,Bangalore ,06-Dec-22,11,40
Honda,CB,2011,2,64000,22000,Bangalore ,05-Dec-22,10,40
Yamaha,FZ16,2014,1,50000,40000,Bangalore ,05-Dec-22,11,37
Suzuki,Access,2016,1,10500,50000,Bangalore ,05-Dec-22,11,22
Bajaj,Avenger,2015,1,19000,42000,Bangalore ,05-Dec-22,11,27
Honda,CB,2017,1,15000,65000,Bangalore ,05-Dec-22,11,25
Honda,Activa,2020,1,60000,75000,Bangalore ,05-Dec-22,11,39
Royal,Enfield,2011,2,37000,70000,Bangalore ,02-Dec-22,11,33
Yamaha,YZF,2017,1,47900,75000,Bangalore ,01-Dec-22,11,36
Bajaj,Pulsar,2011,2,31500,45000,Bangalore ,01-Dec-22,11,32
Bajaj,Discover125,2016,1,3000,35000,Bangalore ,01-Dec-22,10,14
Honda,CB,2015,1,53000,50000,Bangalore ,01-Dec-22,11,38
KTM,390,2019,1,18800,250000,Bangalore ,01-Dec-22,12,27
Honda,Activa,2004,2,50000,15000,Bangalore ,30-Nov-22,10,37
Honda,CB,2016,3,46000,65000,Bangalore ,30-Nov-22,11,36
Yamaha,FZ,2020,1,22000,125000,Bangalore ,30-Nov-22,12,28
Royal,Enfield,2010,2,60000,145000,Bangalore ,30-Nov-22,12,39
TVS,Apache,2016,1,20000,67000,Bangalore ,29-Nov-22,11,27
TVS,Ntorq,2018,1,20000,60000,Bangalore ,29-Nov-22,11,27
Royal,Enfield,2007,1,55000,65000,Bangalore ,29-Nov-22,11,38
Bajaj,Dominar,2021,1,10100,175000,Bangalore ,29-Nov-22,12,22
Hero,Honda,2010,1,45000,25000,Bangalore ,29-Nov-22,10,36
Honda,CB,2008,1,30000,35000,Bangalore ,29-Nov-22,10,31
Bajaj,Pulsar,2010,1,20000,45000,Bangalore ,29-Nov-22,11,27
Hero,Passion,2019,1,27700,50000,Bangalore ,29-Nov-22,11,30
Yamaha,FZ,2015,1,106600,65000,Bangalore ,29-Nov-22,11,47
Bajaj,Avenger,2017,1,47000,68000,Bangalore ,29-Nov-22,11,36
Royal,Enfield,2015,1,58000,100000,Bangalore ,29-Nov-22,12,39
Hero,Honda,2001,1,40000,10000,Bangalore ,27-Nov-22,9,34
Royal,Enfield,2015,1,30000,105000,Bangalore ,27-Nov-22,12,31
Kawasaki,Ninja,2022,1,1850,830000,Bangalore ,24-Nov-22,14,12
Suzuki,Gixxer,2017,1,10600,85000,Bangalore ,24-Nov-22,11,22
KTM,250,2019,1,18000,200000,Bangalore ,24-Nov-22,12,26
Suzuki,Burgman,2020,1,2800,90000,Bangalore ,24-Nov-22,11,14
Honda,CBR150,2018,1,46000,60000,Bangalore ,24-Nov-22,11,36
Yamaha,FZ,2017,1,18000,75000,Bangalore ,24-Nov-22,11,26
TVS,Apache,2018,1,19100,85000,Bangalore ,24-Nov-22,11,27
Royal,Enfield,2014,1,12500,130000,Bangalore ,24-Nov-22,12,23
Royal,Enfield,2015,1,40000,180000,Bangalore ,24-Nov-22,12,34
Royal,Enfield,2019,1,9000,200000,Bangalore ,24-Nov-22,12,21
Honda,Hness,2021,1,17000,200000,Bangalore ,24-Nov-22,12,26
Suzuki,Gixxer,2018,1,8000,75000,Bangalore ,23-Nov-22,11,20
Bajaj,Pulsar,2013,2,40000,32000,Bangalore ,23-Nov-22,10,34
Honda,Dio,2008,1,47650,25000,Bangalore ,23-Nov-22,10,36
Honda,Shine,2011,1,54600,35000,Bangalore ,23-Nov-22,10,38
Honda,Dio,2019,1,52000,55000,Bangalore ,23-Nov-22,11,37
Hero,Splendor,2020,1,6323,79000,Bangalore ,23-Nov-22,11,18
Yamaha,YZF,2018,1,27000,90000,Bangalore ,21-Nov-22,11,30
Yamaha,FZ16,2010,1,19800,35000,Bangalore ,21-Nov-22,10,27
Yamaha,FZ,2016,1,30200,65000,Bangalore ,21-Nov-22,11,31
TVS,Apache,2017,1,23033,90000,Bangalore ,21-Nov-22,11,28
Bajaj,Pulsar,2007,2,59000,20000,Bangalore ,21-Nov-22,10,39
Yamaha,YZF,2021,1,1800,170000,Bangalore ,21-Nov-22,12,12
Hero,Honda,2004,1,35000,25000,Bangalore ,21-Nov-22,10,33
Yamaha,FZ,2015,1,37000,60000,Bangalore ,21-Nov-22,11,33
TVS,Apache,2020,1,12350,100000,Bangalore ,21-Nov-22,12,23
Royal,Enfield,2016,2,14000,120000,Bangalore ,21-Nov-22,12,24
KTM,200,2013,1,32660,135000,Bangalore ,21-Nov-22,12,32
Royal,Enfield,2022,1,800,280000,Bangalore ,21-Nov-22,13,9
Hero,Passion,2019,1,24800,53000,Bangalore ,20-Nov-22,11,29
Suzuki,Gixxer,2018,1,30200,75000,Bangalore ,20-Nov-22,11,31
TVS,Ntorq,2021,1,2000,96000,Bangalore ,19-Nov-22,11,13
Aprilia,SR150,2018,1,32000,70000,Bangalore ,19-Nov-22,11,32
Honda,CB350RS,2021,1,10000,225000,Bangalore ,19-Nov-22,12,22
Aprilia,Storm,2020,1,4000,80000,Bangalore ,19-Nov-22,11,16
Bajaj,Dominar,2018,2,38000,155000,Bangalore ,19-Nov-22,12,34
Royal,Enfield,2019,1,5200,265000,Bangalore ,19-Nov-22,12,17
Honda,SP,2019,1,15500,69500,Bangalore ,19-Nov-22,11,25
Bajaj,Pulsar,2015,2,23000,55000,Bangalore ,18-Nov-22,11,28
Bajaj,Discover,2013,1,49000,28000,Bangalore ,18-Nov-22,10,37
Honda,Activa,2018,2,15000,51000,Bangalore ,18-Nov-22,11,25
TVS,Apache,2018,1,30000,72000,Bangalore ,18-Nov-22,11,31
Suzuki,Access,2022,1,2000,100000,Bangalore ,18-Nov-22,12,13
Bajaj,Avenger,2020,2,4200,120000,Bangalore ,18-Nov-22,12,16
Benelli,Imperiale,2020,1,12700,200000,Bangalore ,17-Nov-22,12,23
Hero,Honda,2011,1,50000,20000,Bangalore ,17-Nov-22,10,37
Hero,Passion,2021,1,2600,80000,Bangalore ,17-Nov-22,11,14
Harley-Davidson,Forty,2017,1,7000,850000,Bangalore ,17-Nov-22,14,19
Bajaj,Pulsar,2015,1,45000,48000,Bangalore ,17-Nov-22,11,36
Bajaj,Pulsar,2020,1,18000,110000,Bangalore ,17-Nov-22,12,26
Honda,Activa,2008,1,35000,13000,Bangalore ,17-Nov-22,9,33
Hero,Xtreme,2019,1,9000,75000,Bangalore ,17-Nov-22,11,21
KTM,250,2020,1,5045,220000,Bangalore ,17-Nov-22,12,17
Royal,Enfield,2015,1,31000,126000,Bangalore ,16-Nov-22,12,31
Bajaj,Pulsar,2015,1,48000,45000,Bangalore ,16-Nov-22,11,36
Hero,Xtreme,2020,1,20000,120000,Bangalore ,16-Nov-22,12,27
Yamaha,FZ,2016,2,40000,40000,Bangalore ,15-Nov-22,11,34
Bajaj,Pulsar,2012,1,45000,72000,Bangalore ,14-Nov-22,11,36
Honda,Activa,2019,1,44000,65000,Bangalore ,14-Nov-22,11,35
Bajaj,Pulsar,2004,2,63000,15000,Bangalore ,14-Nov-22,10,40
Bajaj,Pulsar,2007,1,50000,15000,Bangalore ,14-Nov-22,10,37
Yamaha,SZ,2012,2,40000,30000,Bangalore ,14-Nov-22,10,34
Suzuki,Gixxer,2014,1,66000,40000,Bangalore ,14-Nov-22,11,40
Hero,Honda,1998,1,100000,45000,Bangalore ,14-Nov-22,11,46
Bajaj,Pulsar,2016,1,10000,80000,Bangalore ,14-Nov-22,11,22
Royal,Enfield,2019,1,5200,175000,Bangalore ,14-Nov-22,12,17
Yezdi,Scrambler,2022,1,2051,255000,Bangalore ,12-Nov-22,12,13
BMW,G,2022,1,800,355000,Bangalore ,12-Nov-22,13,9
Honda,Livo,2015,1,13270,60000,Bangalore ,12-Nov-22,11,24
Jawa,42,2021,1,6915,200000,Bangalore ,12-Nov-22,12,19
TVS,Star,2020,1,18000,67000,Bangalore ,10-Nov-22,11,26
Benelli,Imperiale,2020,1,12900,200000,Bangalore ,10-Nov-22,12,23
KTM,200,2018,1,30000,160000,Bangalore ,10-Nov-22,12,31
KTM,200,2017,3,23000,135000,Bangalore ,10-Nov-22,12,28
BMW,G,2022,1,9777,460000,Bangalore ,10-Nov-22,13,21
Aprilia,SR,2022,1,920,145000,Bangalore ,10-Nov-22,12,10
Royal,Enfield,2022,1,5000,250000,Bangalore ,10-Nov-22,12,17
Suzuki,Gixxer,2019,1,6500,140000,Bangalore ,10-Nov-22,12,19
Bajaj,Pulsar,2013,2,45000,30000,Bangalore ,10-Nov-22,10,36
Yamaha,Fascino,2016,1,6000,40000,Bangalore ,10-Nov-22,11,18
Honda,Activa,2016,1,32000,45000,Bangalore ,10-Nov-22,11,32
Bajaj,Pulsar,2021,1,3500,95000,Bangalore ,10-Nov-22,11,15
Yamaha,FZ25,2017,1,35000,120000,Bangalore ,10-Nov-22,12,33
Hyosung,GT250R,2018,1,20000,150000,Bangalore ,10-Nov-22,12,27
KTM,RC,2019,1,16500,150000,Bangalore ,10-Nov-22,12,25
KTM,250,2018,1,21000,170000,Bangalore ,10-Nov-22,12,28
TVS,Apache,2019,2,11000,200000,Bangalore ,10-Nov-22,12,22
Honda,Hness,2021,1,9267,210000,Bangalore ,10-Nov-22,12,21
Bajaj,Pulsar,2018,1,34000,60000,Bangalore ,09-Nov-22,11,32
Bajaj,Avenger,2016,1,21600,75000,Bangalore ,09-Nov-22,11,28
UM,Renegade,2018,1,7000,170000,Bangalore ,09-Nov-22,12,19
Royal,Enfield,2014,1,19000,120000,Bangalore ,08-Nov-22,12,27
Honda,CB,2015,2,12500,40000,Bangalore ,08-Nov-22,11,23
TVS,Wego,2011,1,42000,35000,Bangalore ,08-Nov-22,10,35
Honda,Dio,2018,1,14500,58000,Bangalore ,08-Nov-22,11,24
Yamaha,FZ,2013,1,35000,65000,Bangalore ,08-Nov-22,11,33
Royal,Enfield,2016,1,20000,120000,Bangalore ,08-Nov-22,12,27
Bajaj,Pulsar,2007,1,32000,15000,Bangalore ,08-Nov-22,10,32
Bajaj,Discover,2014,1,31000,25000,Bangalore ,08-Nov-22,10,31
Bajaj,Discover,2010,2,68000,30000,Bangalore ,08-Nov-22,10,41
Bajaj,Pulsar,2015,1,52000,35000,Bangalore ,08-Nov-22,10,37
Bajaj,Pulsar,2013,2,38000,37000,Bangalore ,08-Nov-22,11,34
TVS,Jupiter,2016,1,22354,50000,Bangalore ,08-Nov-22,11,28
Bajaj,Avenger,2016,2,26000,50000,Bangalore ,08-Nov-22,11,30
Suzuki,Access,2019,1,24000,60000,Bangalore ,08-Nov-22,11,29
Honda,Activa,2019,1,24300,65000,Bangalore ,08-Nov-22,11,29
Yamaha,FZ,2016,1,30000,70000,Bangalore ,08-Nov-22,11,31
Honda,CB,2016,1,10670,70000,Bangalore ,08-Nov-22,11,22
Yamaha,FZ,2018,1,30000,90000,Bangalore ,08-Nov-22,11,31
Royal,Enfield,2022,1,4500,275000,Bangalore ,08-Nov-22,13,17
Royal,Enfield,2019,1,20000,275000,Bangalore ,08-Nov-22,13,27
Bajaj,Discover,2007,1,61000,20000,Bangalore ,03-Nov-22,10,39
Honda,CBF,2009,2,21599,35000,Bangalore ,03-Nov-22,10,28
Bajaj,Pulsar,2006,1,80000,40000,Bangalore ,03-Nov-22,11,43
Bajaj,Pulsar,2015,2,46900,50000,Bangalore ,03-Nov-22,11,36
Hero,Passion,2021,1,6000,60000,Bangalore ,03-Nov-22,11,18
TVS,Apache,2019,1,27000,90000,Bangalore ,03-Nov-22,11,30
Yamaha,FZ25,2017,1,22800,100000,Bangalore ,03-Nov-22,12,28
Royal,Enfield,2016,1,20000,100000,Bangalore ,03-Nov-22,12,27
Bajaj,Avenger,2021,1,9000,150000,Bangalore ,03-Nov-22,12,21
Royal,Enfield,2013,1,14000,150000,Bangalore ,03-Nov-22,12,24
Benelli,TNT,2016,1,30000,200000,Bangalore ,03-Nov-22,12,31
Bajaj,Pulsar,2018,1,20000,98000,Bangalore ,30-Oct-22,11,27
Honda,CB,2011,1,30193,35000,Bangalore ,30-Oct-22,10,31
Honda,Activa,2017,1,35000,50000,Bangalore ,30-Oct-22,11,33
Yamaha,FZ,2018,2,60000,60000,Bangalore ,28-Oct-22,11,39
Honda,CB,2012,1,36000,40000,Bangalore ,27-Oct-22,11,33
Royal,Enfield,2019,1,6200,280000,Bangalore ,27-Oct-22,13,18
Harley-Davidson,Forty,2018,3,18000,650000,Bangalore ,26-Oct-22,13,26
Yamaha,FZ,2020,1,14000,95000,Bangalore ,26-Oct-22,11,24
Suzuki,GS150R,2015,2,24000,45000,Bangalore ,26-Oct-22,11,29
Yamaha,Fazer,2014,1,29500,56000,Bangalore ,26-Oct-22,11,31
Yamaha,FZ16,2011,1,43000,45000,Bangalore ,26-Oct-22,11,35
Bajaj,Pulsar,2016,1,25000,75000,Bangalore ,26-Oct-22,11,29
Honda,CB,2019,1,8100,80000,Bangalore ,26-Oct-22,11,20
Bajaj,Pulsar,2020,1,38000,95000,Bangalore ,26-Oct-22,11,34
Bajaj,Pulsar,2014,3,33000,62000,Bangalore ,25-Oct-22,11,32
Bajaj,Pulsar,2016,1,23024,38000,Bangalore ,25-Oct-22,11,28
Honda,CB,2018,1,10000,87000,Bangalore ,25-Oct-22,11,22
Royal,Enfield,2018,1,14000,180000,Bangalore ,25-Oct-22,12,24
Benelli,Imperiale,2020,1,17000,185000,Bangalore ,25-Oct-22,12,26
Suzuki,Gixxer,2016,1,32000,50000,Bangalore ,25-Oct-22,11,32
Yamaha,YZF,2012,2,62000,50000,Bangalore ,25-Oct-22,11,40
KTM,390,2015,1,30000,150000,Bangalore ,25-Oct-22,12,31
Bajaj,Dominar,2018,1,14000,185000,Bangalore ,25-Oct-22,12,24
Royal,Enfield,2019,1,80000,300000,Bangalore ,25-Oct-22,13,43
Suzuki,Gixxer,2016,1,13000,75000,Bangalore ,24-Oct-22,11,24
Bajaj,Pulsar,2016,2,18000,55000,Bangalore ,24-Oct-22,11,26
TVS,Apache,2008,1,120000,8000,Bangalore ,24-Oct-22,9,49
Honda,Activa,2007,1,33500,20000,Bangalore ,24-Oct-22,10,32
Yamaha,Fascino,2016,1,25000,45000,Bangalore ,24-Oct-22,11,29
Bajaj,Pulsar,2020,1,18000,140000,Bangalore ,24-Oct-22,12,26
Royal,Enfield,2017,1,42089,150000,Bangalore ,24-Oct-22,12,35
Bajaj,Discover,2009,1,51000,35000,Bangalore ,21-Oct-22,10,37
Royal,Enfield,2008,1,100000,80000,Bangalore ,20-Oct-22,11,46
Royal,Enfield,2019,1,9800,165000,Bangalore ,20-Oct-22,12,21
Yamaha,FZ,2016,1,15000,60000,Bangalore ,19-Oct-22,11,25
Royal,Enfield,2014,1,28000,100000,Bangalore ,19-Oct-22,12,30
Bajaj,Avenger,2015,2,20890,52000,Bangalore ,18-Oct-22,11,28
Honda,Dio,2016,1,43000,35000,Bangalore ,18-Oct-22,10,35
Bajaj,Avenger,2016,2,28000,62000,Bangalore ,17-Oct-22,11,30
Suzuki,Gixxer,2017,2,23000,65000,Bangalore ,17-Oct-22,11,28
Suzuki,Access,2012,2,35000,22000,Bangalore ,17-Oct-22,10,33
Hero,Passion,2014,1,35000,25000,Bangalore ,17-Oct-22,10,33
Suzuki,Access,2016,3,80000,35000,Bangalore ,17-Oct-22,10,43
Yamaha,FZ,2018,1,17300,78000,Bangalore ,16-Oct-22,11,26
Bajaj,Pulsar,2019,1,29000,125000,Bangalore ,16-Oct-22,12,31
Hero,Honda,2007,2,80800,30000,Bangalore ,16-Oct-22,10,43
Suzuki,Access,2019,2,9000,60000,Bangalore ,16-Oct-22,11,21
Suzuki,Access,2019,2,27000,70000,Bangalore ,14-Oct-22,11,30
Jawa,42,2019,1,4000,175000,Bangalore ,14-Oct-22,12,16
Honda,Activa,2015,1,30000,35000,Bangalore ,14-Oct-22,10,31
Bajaj,Discover,2014,1,51000,35000,Bangalore ,14-Oct-22,10,37
Honda,Activa,2018,1,30000,50000,Bangalore ,14-Oct-22,11,31
Ampere,Magnus,2021,1,1400,72000,Bangalore ,13-Oct-22,11,11
Jawa,42,2019,1,9560,130000,Bangalore ,13-Oct-22,12,21
Bajaj,Pulsar,2022,1,800,160000,Bangalore ,13-Oct-22,12,9
TVS,Apache,2017,1,5000,85000,Bangalore ,13-Oct-22,11,17
Royal,Enfield,2021,1,2100,175000,Bangalore ,13-Oct-22,12,13
TVS,Scooty,2006,1,50000,10000,Bangalore ,13-Oct-22,9,37
Royal,Enfield,2015,1,23000,110000,Bangalore ,13-Oct-22,12,28
TVS,Apache,2015,1,36566,80000,Bangalore ,12-Oct-22,11,33
Bajaj,Pulsar,2018,1,25000,65000,Bangalore ,12-Oct-22,11,29
Suzuki,Heat,2005,2,100000,25000,Bangalore ,11-Oct-22,10,46
Royal,Enfield,2004,3,60000,58000,Bangalore ,11-Oct-22,11,39
Hero,HF,2022,1,4000,78000,Bangalore ,11-Oct-22,11,16
TVS,Jupiter,2014,2,30700,42000,Bangalore ,11-Oct-22,11,31
Bajaj,Pulsar,2016,2,22000,58000,Bangalore ,11-Oct-22,11,28
Royal,Enfield,2013,1,26000,95000,Bangalore ,11-Oct-22,11,30
TVS,Scooty,2010,1,25000,25000,Bangalore ,11-Oct-22,10,29
Honda,SP,2021,1,7600,75000,Bangalore ,11-Oct-22,11,20
Bajaj,Pulsar,2008,3,50000,15000,Bangalore ,11-Oct-22,10,37
Bajaj,Discover,2013,1,45000,25000,Bangalore ,11-Oct-22,10,36
Bajaj,Discover125,2012,1,80000,25000,Bangalore ,11-Oct-22,10,43
Bajaj,V15,2016,1,12500,45000,Bangalore ,11-Oct-22,11,23
Suzuki,Access,2018,1,46000,55000,Bangalore ,11-Oct-22,11,36
Hero,Passion,2020,1,16000,60000,Bangalore ,11-Oct-22,11,25
Bajaj,Avenger,2016,1,30000,65000,Bangalore ,11-Oct-22,11,31
Bajaj,Platina,2021,1,22000,70000,Bangalore ,11-Oct-22,11,28
Hero,Splendor,2019,1,30000,70000,Bangalore ,11-Oct-22,11,31
TVS,Jupiter,2022,1,4000,105000,Bangalore ,11-Oct-22,12,16
KTM,200,2016,1,50000,120000,Bangalore ,11-Oct-22,12,37
Benelli,TNT,2017,1,24000,170000,Bangalore ,11-Oct-22,12,29
Bajaj,Pulsar,2022,1,1300,130000,Bangalore ,06-Oct-22,12,11
Bajaj,Avenger,2018,1,5210,85000,Bangalore ,06-Oct-22,11,17
UM,Renegade,2019,1,13000,150000,Bangalore ,06-Oct-22,12,24
Royal,Enfield,2019,1,9500,200000,Bangalore ,06-Oct-22,12,21
Royal,Enfield,2019,1,9300,190000,Bangalore ,06-Oct-22,12,21
Bajaj,Pulsar,2010,1,133000,20000,Bangalore ,06-Oct-22,10,51
TVS,Jupiter,2019,1,35000,50000,Bangalore ,06-Oct-22,11,33
Honda,Activa,2019,1,15000,70000,Bangalore ,06-Oct-22,11,25
Bajaj,Pulsar,2019,1,20000,75000,Bangalore ,06-Oct-22,11,27
Royal,Enfield,2016,1,53000,130000,Bangalore ,06-Oct-22,12,38
Royal,Enfield,2019,2,25000,150000,Bangalore ,06-Oct-22,12,29
Jawa,42,2020,1,11000,170000,Bangalore ,06-Oct-22,12,22
KTM,250,2019,1,9400,190000,Bangalore ,06-Oct-22,12,21
Royal,Enfield,2020,1,11000,195000,Bangalore ,06-Oct-22,12,22
Yamaha,Fazer,2014,1,22800,54999,Bangalore ,04-Oct-22,11,28
Hero,Honda,2007,1,66000,15000,Bangalore ,04-Oct-22,10,40
Honda,Dio,2019,1,23000,60000,Bangalore ,04-Oct-22,11,28
Hero,Passion,2014,1,69000,60000,Bangalore ,04-Oct-22,11,41
Suzuki,Access,2013,1,12000,30000,Bangalore ,03-Oct-22,10,23
Bajaj,Pulsar,2014,1,37784,55000,Bangalore ,01-Oct-22,11,34
Suzuki,Access,2013,1,12637,35000,Bangalore ,30-Sep-22,10,23
Honda,CB,2013,1,50000,39999,Bangalore ,30-Sep-22,11,37
Bajaj,Pulsar,2022,1,4600,158000,Bangalore ,30-Sep-22,12,17
Royal,Enfield,2018,1,24000,165000,Bangalore ,30-Sep-22,12,29
Royal,Enfield,2019,1,23565,170000,Bangalore ,30-Sep-22,12,29
Honda,Activa,2016,1,15000,50000,Bangalore ,28-Sep-22,11,25
Bajaj,Discover,2008,1,100000,20000,Bangalore ,28-Sep-22,10,46
Honda,Activa,2016,1,30500,40000,Bangalore ,28-Sep-22,11,31
Honda,Activa,2020,1,6700,75000,Bangalore ,28-Sep-22,11,19
Vespa,ZX,2022,1,1950,120000,Bangalore ,28-Sep-22,12,12
BMW,G,2018,2,12000,200000,Bangalore ,28-Sep-22,12,23
Suzuki,Access,2019,1,26500,65000,Bangalore ,27-Sep-22,11,30
KTM,200,2017,1,18000,160000,Bangalore ,27-Sep-22,12,26
Husqvarna,Svartpilen,2020,1,17223,180000,Bangalore ,26-Sep-22,12,26
Yamaha,Alpha,2014,1,12000,40000,Bangalore ,26-Sep-22,11,23
OLA,S1,2022,1,650,140000,Bangalore ,26-Sep-22,12,9
Aprilia,SR150,2018,1,27000,65000,Bangalore ,26-Sep-22,11,30
Honda,CB,2012,1,32000,36000,Bangalore ,26-Sep-22,10,32
TVS,Victor,2016,1,50000,30000,Bangalore ,26-Sep-22,10,37
Honda,Activa,2020,1,20200,67500,Bangalore ,26-Sep-22,11,27
TVS,Ntorq,2019,1,15000,80000,Bangalore ,26-Sep-22,11,25
Jawa,Perak,2020,2,6900,200000,Bangalore ,24-Sep-22,12,19
Bajaj,Avenger,2013,1,70000,25000,Bangalore ,24-Sep-22,10,41
Honda,CB,2018,1,18000,70000,Bangalore ,24-Sep-22,11,26
LML,Freedom,2004,1,25000,10000,Bangalore ,24-Sep-22,9,29
Honda,Activa,2012,1,68308,25000,Bangalore ,24-Sep-22,10,41
Bajaj,Pulsar,2017,2,21000,70000,Bangalore ,24-Sep-22,11,28
Aprilia,SR150,2018,1,11200,75000,Bangalore ,24-Sep-22,11,22
Hero,HF,2022,1,4000,75000,Bangalore ,24-Sep-22,11,16
Bajaj,Pulsar,2018,1,7500,130000,Bangalore ,24-Sep-22,12,20
Vespa,SXL,2018,1,11500,70000,Bangalore ,23-Sep-22,11,23
Hero,Karizma,2013,1,58000,35000,Bangalore ,22-Sep-22,10,39
Suzuki,Access,2016,1,30000,50000,Bangalore ,22-Sep-22,11,31
Bajaj,Avenger,2016,1,20000,60000,Bangalore ,22-Sep-22,11,27
Honda,CB,2017,1,60000,65000,Bangalore ,22-Sep-22,11,39
Hero,Xpulse,2020,1,40000,110000,Bangalore ,22-Sep-22,12,34
Royal,Enfield,2016,1,75800,140000,Bangalore ,21-Sep-22,12,42
Bajaj,Pulsar,2013,1,50000,30000,Bangalore ,21-Sep-22,10,37
Bajaj,Dominar,2018,1,17800,150000,Bangalore ,21-Sep-22,12,26
Honda,Unicorn,2021,1,2900,125000,Bangalore ,21-Sep-22,12,14
TVS,Scooty,2019,2,14000,40000,Bangalore ,21-Sep-22,11,24
Honda,CBR150,2013,1,45000,50000,Bangalore ,21-Sep-22,11,36
KTM,250,2021,1,2035,230000,Bangalore ,21-Sep-22,12,13
TVS,Apache,2020,1,11490,100000,Bangalore ,21-Sep-22,12,23
Jawa,42,2021,1,6700,200000,Bangalore ,21-Sep-22,12,19
KTM,RC390,2014,2,65000,160000,Bangalore ,20-Sep-22,12,40
Kawasaki,Ninja,2019,1,9000,310000,Bangalore ,20-Sep-22,13,21
Royal,Enfield,2022,1,1300,355000,Bangalore ,20-Sep-22,13,11
Yamaha,Fazer,2009,1,42000,25000,Bangalore ,20-Sep-22,10,35
Triumph,Bonneville,2017,2,2900,900000,Bangalore ,20-Sep-22,14,14
Hero,Splendor,2012,1,98000,30000,Bangalore ,20-Sep-22,10,46
Suzuki,Swish,2016,1,40000,35000,Bangalore ,20-Sep-22,10,34
TVS,Ntorq,2019,1,35000,70000,Bangalore ,20-Sep-22,11,33
Yamaha,YZF,2021,1,11000,150000,Bangalore ,20-Sep-22,12,22
Jawa,Perak,2021,1,3800,220000,Bangalore ,20-Sep-22,12,16
Bajaj,Discover,2014,1,70000,25000,Bangalore ,19-Sep-22,10,41
Bajaj,Avenger,2015,3,22000,55000,Bangalore ,19-Sep-22,11,28
Bajaj,Discover,2015,1,58000,30900,Bangalore ,19-Sep-22,10,39
Honda,Dream,2016,1,72000,35000,Bangalore ,19-Sep-22,10,42
Yamaha,FZ,2014,1,57000,50000,Bangalore ,19-Sep-22,11,38
Honda,Shine,2017,1,35000,60000,Bangalore ,19-Sep-22,11,33
Honda,Dio,2020,1,14500,65000,Bangalore ,19-Sep-22,11,24
Honda,Activa,2018,1,2822,70000,Bangalore ,19-Sep-22,11,14
Honda,CBF,2009,1,35000,15000,Bangalore ,16-Sep-22,10,33
Honda,Activa,2018,1,41100,49000,Bangalore ,16-Sep-22,11,35
Hero,Honda,2012,1,32000,30000,Bangalore ,15-Sep-22,10,32
Vespa,RED,2012,2,45000,40000,Bangalore ,15-Sep-22,11,36
Bajaj,Pulsar,2018,1,25000,100000,Bangalore ,15-Sep-22,12,29
Bajaj,Avenger,2021,1,4000,100000,Bangalore ,15-Sep-22,12,16
Bajaj,Pulsar,2018,1,24000,110000,Bangalore ,15-Sep-22,12,29
TVS,Apache,2021,1,13685,140000,Bangalore ,15-Sep-22,12,24
Benelli,TNT,2017,1,27000,130000,Bangalore ,14-Sep-22,12,30
Suzuki,Gixxer,2021,1,7000,155000,Bangalore ,14-Sep-22,12,19
Bajaj,Pulsar,2019,1,5000,80000,Bangalore ,14-Sep-22,11,17
Honda,CBR-250R,2011,2,35000,80000,Bangalore ,14-Sep-22,11,33
KTM,390,2019,1,22000,275000,Bangalore ,14-Sep-22,13,28
Bajaj,Dominar,2018,1,22000,130000,Bangalore ,14-Sep-22,12,28
Bajaj,Pulsar,2022,1,4100,140000,Bangalore ,14-Sep-22,12,16
Hero,Honda,2011,2,28000,60000,Bangalore ,13-Sep-22,11,30
Benelli,TNT,2017,1,27000,130000,Bangalore ,13-Sep-22,12,30
Bajaj,Avenger,2021,1,10000,145000,Bangalore ,13-Sep-22,12,22
Royal,Enfield,2020,1,9800,200000,Bangalore ,13-Sep-22,12,21
Royal,Enfield,2020,1,9800,205000,Bangalore ,13-Sep-22,12,21
Bajaj,Avenger,2017,1,25500,52000,Bangalore ,13-Sep-22,11,29
Aprilia,SR,2019,1,15000,125000,Bangalore ,13-Sep-22,12,25
Bajaj,Pulsar,2008,1,51000,40000,Bangalore ,13-Sep-22,11,37
Yamaha,Fazer,2010,1,35000,60000,Bangalore ,13-Sep-22,11,33
Honda,Activa,2018,1,36000,65000,Bangalore ,13-Sep-22,11,33
Suzuki,Gixxer,2018,1,7900,78000,Bangalore ,13-Sep-22,11,20
TVS,Apache,2018,1,24000,160000,Bangalore ,13-Sep-22,12,29
Royal,Enfield,2019,1,5500,185000,Bangalore ,13-Sep-22,12,18
Royal,Enfield,2022,1,1700,260000,Bangalore ,13-Sep-22,12,12
Yamaha,FZ,2015,1,35500,60000,Bangalore ,12-Sep-22,11,33
Ather,450X,2022,1,4950,150000,Bangalore ,12-Sep-22,12,17
Mahindra,Mojo,2015,2,70000,170000,Bangalore ,12-Sep-22,12,41
Royal,Enfield,2019,1,8200,180000,Bangalore ,12-Sep-22,12,20
TVS,Apache,2018,1,12000,75000,Mumbai ,07-Dec-22,11,23
Yamaha,YZF,2017,2,28000,90000,Mumbai ,07-Dec-22,11,30
Royal,Enfield,2016,1,30000,125000,Mumbai ,07-Dec-22,12,31
KTM,390,2019,1,35000,220000,Mumbai ,01-Dec-22,12,33
Yamaha,FZ,2015,1,7000,60000,Mumbai ,01-Dec-22,11,19
Aprilia,SR,2019,1,15000,80000,Mumbai ,01-Dec-22,11,25
Honda,CB,2018,1,18000,80000,Mumbai ,01-Dec-22,11,26
Royal,Enfield,2015,1,13000,150000,Mumbai ,01-Dec-22,12,24
Honda,Activa,2016,1,10000,60000,Mumbai ,30-Nov-22,11,22
Bajaj,Pulsar,2018,1,21500,60000,Mumbai ,29-Nov-22,11,28
Hero,Honda,2006,1,30000,25000,Mumbai ,29-Nov-22,10,31
Honda,CB,2012,1,36000,35000,Mumbai ,29-Nov-22,10,33
Honda,Hness,2021,1,3600,220000,Mumbai ,24-Nov-22,12,15
Royal,Enfield,2019,1,21000,250000,Mumbai ,24-Nov-22,12,28
Royal,Enfield,2020,1,6600,190000,Mumbai ,21-Nov-22,12,19
Royal,Enfield,2020,1,6528,290000,Mumbai ,21-Nov-22,13,19
Bajaj,Discover125,2006,1,44000,10000,Mumbai ,21-Nov-22,9,35
Royal,Enfield,2022,1,2500,240000,Mumbai ,21-Nov-22,12,14
Yamaha,FZ,2015,1,25400,56000,Mumbai ,20-Nov-22,11,29
Yamaha,FZ16,2009,1,35000,40000,Mumbai ,20-Nov-22,11,33
Honda,Shine,2020,1,37000,60000,Mumbai ,20-Nov-22,11,33
Bajaj,Pulsar,2011,1,22000,48000,Mumbai ,17-Nov-22,11,28
Royal,Enfield,2007,1,20000,100000,Mumbai ,17-Nov-22,12,27
Jawa,42,2021,1,1300,180000,Mumbai ,17-Nov-22,12,11
Honda,Shine,2013,1,38000,41000,Mumbai ,16-Nov-22,11,34
Royal,Enfield,2018,1,40220,128000,Mumbai ,16-Nov-22,12,34
TVS,Apache,2020,1,13500,100000,Mumbai ,16-Nov-22,12,24
Vespa,VX,2012,1,8000,40000,Mumbai ,14-Nov-22,11,20
Honda,Dio,2018,1,30000,45000,Mumbai ,14-Nov-22,11,31
Honda,Activa,2021,1,10000,90000,Mumbai ,12-Nov-22,11,22
Suzuki,Access,2018,1,45000,50000,Mumbai ,11-Nov-22,11,36
Honda,CB,2016,1,30000,50000,Mumbai ,11-Nov-22,11,31
KTM,RC,2020,1,4600,265000,Mumbai ,10-Nov-22,12,17
Kawasaki,ER-6n,2016,2,14600,300000,Mumbai ,10-Nov-22,13,24
Suzuki,Gixxer,2016,1,16000,90000,Mumbai ,10-Nov-22,11,25
Bajaj,Discover,2014,1,40000,35000,Mumbai ,10-Nov-22,10,34
Yamaha,FZ,2015,1,42000,40000,Mumbai ,10-Nov-22,11,35
TVS,Apache,2006,1,45000,20000,Mumbai ,08-Nov-22,10,36
Bajaj,Pulsar,2013,1,61000,35000,Mumbai ,08-Nov-22,10,39
Honda,CB,2011,1,50000,30000,Mumbai ,08-Nov-22,10,37
Honda,CB,2010,1,50000,50000,Mumbai ,08-Nov-22,11,37
Royal,Enfield,2014,1,25000,110000,Mumbai ,08-Nov-22,12,29
Royal,Enfield,2019,1,14123,235000,Mumbai ,08-Nov-22,12,24
Honda,CBR-250R,2013,1,22331,125000,Mumbai ,03-Nov-22,12,28
Honda,Activa,2016,1,25000,40000,Mumbai ,03-Nov-22,11,29
Bajaj,Pulsar,2014,1,40000,55000,Mumbai ,03-Nov-22,11,34
Bajaj,Discover,2010,1,15000,8500,Mumbai ,30-Oct-22,9,25
Honda,CBR-250R,2016,1,3000,100000,Mumbai ,30-Oct-22,12,14
Bajaj,Ct,2018,1,32000,35000,Mumbai ,28-Oct-22,10,32
Bajaj,Discover,2014,1,22000,35000,Mumbai ,28-Oct-22,10,28
Honda,X-Blade,2018,1,30000,55000,Mumbai ,28-Oct-22,11,31
KTM,390,2020,1,8000,245000,Mumbai ,28-Oct-22,12,20
Hero,Honda,2010,1,50000,30000,Mumbai ,27-Oct-22,10,37
Bajaj,Avenger,2012,1,9000,40000,Mumbai ,27-Oct-22,11,21
Royal,Enfield,2016,2,45000,135000,Mumbai ,27-Oct-22,12,36
Husqvarna,Svartpilen,2020,1,12000,165000,Mumbai ,27-Oct-22,12,23
Honda,CB,2016,1,13000,45000,Mumbai ,25-Oct-22,11,24
Yamaha,SZ,2011,1,33000,25000,Mumbai ,24-Oct-22,10,32
Honda,Shine,2019,1,13000,67000,Mumbai ,24-Oct-22,11,24
Royal,Enfield,2022,1,6000,210000,Mumbai ,20-Oct-22,12,18
Honda,Activa,2015,1,50000,40000,Mumbai ,19-Oct-22,11,37
Royal,Enfield,2019,1,4896,290000,Mumbai ,17-Oct-22,13,17
Honda,CB,2016,1,14950,40000,Mumbai ,17-Oct-22,11,25
Honda,CB,2011,1,75000,10000,Mumbai ,17-Oct-22,9,42
Yamaha,FZ,2019,1,35000,75000,Mumbai ,17-Oct-22,11,33
Bajaj,Pulsar,2021,1,18000,100000,Mumbai ,17-Oct-22,12,26
Hero,Passion,2014,1,35000,45000,Mumbai ,14-Oct-22,11,33
Royal,Enfield,2019,1,10000,260000,Mumbai ,13-Oct-22,12,22
Bajaj,Avenger,2016,1,50000,60000,Mumbai ,13-Oct-22,11,37
Yamaha,FZ16,2014,1,50000,30000,Mumbai ,11-Oct-22,10,37
Yamaha,FZ,2015,1,23500,60000,Mumbai ,11-Oct-22,11,29
Honda,Grazia,2020,1,14000,87000,Mumbai ,11-Oct-22,11,24
Honda,CB,2018,1,28000,55000,Mumbai ,11-Oct-22,11,30
Bajaj,Pulsar,2019,1,2100,85000,Mumbai ,11-Oct-22,11,13
Hero,Pleasure,2013,1,36000,30000,Mumbai ,11-Oct-22,10,33
Hero,Honda,2010,1,7000,35000,Mumbai ,11-Oct-22,10,19
Vespa,VX,2013,1,5800,54000,Mumbai ,11-Oct-22,11,18
Honda,CB,2018,1,10000,60000,Mumbai ,11-Oct-22,11,22
Suzuki,Access,2019,1,16000,70000,Mumbai ,11-Oct-22,11,25
Bajaj,Pulsar,2019,1,17000,70000,Mumbai ,11-Oct-22,11,26
Honda,CB,2017,1,27000,70000,Mumbai ,11-Oct-22,11,30
Honda,Aviator,2017,1,3113,38000,Mumbai ,06-Oct-22,11,15
Bajaj,Avenger,2016,1,18000,50000,Mumbai ,06-Oct-22,11,26
Honda,Hness,2021,1,4800,200000,Mumbai ,06-Oct-22,12,17
KTM,390,2021,1,7000,275000,Mumbai ,06-Oct-22,13,19
Honda,Activa,2015,1,10000,45000,Mumbai ,06-Oct-22,11,22
Honda,Unicorn,2021,1,9000,110000,Mumbai ,06-Oct-22,12,21
Royal,Enfield,2016,2,22000,120000,Mumbai ,06-Oct-22,12,28
Royal,Enfield,2020,1,26000,190000,Mumbai ,06-Oct-22,12,30
Jawa,Perak,2020,1,2500,210000,Mumbai ,06-Oct-22,12,14
Hero,Passion,2014,1,35000,45000,Mumbai ,04-Oct-22,11,33
Bajaj,Avenger,2018,1,11600,75000,Mumbai ,03-Oct-22,11,23
Yamaha,FZ,2017,1,10000,70000,Mumbai ,03-Oct-22,11,22
Honda,CB,2016,1,38000,50000,Mumbai ,30-Sep-22,11,34
Honda,Activa,2018,1,20000,60000,Mumbai ,30-Sep-22,11,27
Honda,X-Blade,2018,1,10000,90000,Mumbai ,30-Sep-22,11,22
Yamaha,FZ,2015,1,87000,40000,Mumbai ,29-Sep-22,11,44
Bajaj,Pulsar,2006,1,80000,20000,Mumbai ,28-Sep-22,10,43
Jawa,42,2020,1,22000,140000,Mumbai ,28-Sep-22,12,28
Honda,Navi,2016,1,5500,25000,Mumbai ,27-Sep-22,10,18
Hero,Xtreme,2020,1,4600,110000,Mumbai ,24-Sep-22,12,17
Bajaj,Dominar,2017,1,21000,120000,Mumbai ,24-Sep-22,12,28
Yamaha,FZ,2016,1,23000,50000,Mumbai ,22-Sep-22,11,28
Hero,Impulse,2012,1,20000,70000,Mumbai ,22-Sep-22,11,27
Hero,Honda,2012,1,87665,30000,Mumbai ,21-Sep-22,10,44
Honda,Shine,2016,1,26000,40000,Mumbai ,21-Sep-22,11,30
TVS,Apache,2018,2,21000,150000,Mumbai ,20-Sep-22,12,28
Royal,Enfield,2021,1,8000,210000,Mumbai ,20-Sep-22,12,20
TVS,Apache,2018,1,20000,180000,Mumbai ,20-Sep-22,12,27
Bajaj,Discover125,2012,2,50000,20000,Mumbai ,19-Sep-22,10,37
Hero,Electric,2019,1,6100,50000,Mumbai ,19-Sep-22,11,18
Bajaj,Avenger,2018,2,22000,85000,Mumbai ,15-Sep-22,11,28
Suzuki,Gixxer,2016,3,23000,50000,Mumbai ,15-Sep-22,11,28
Royal,Enfield,2018,1,15000,145000,Mumbai ,15-Sep-22,12,25
Yamaha,YZF,2020,1,1800,140000,Mumbai ,14-Sep-22,12,12
Honda,CB,2015,1,27457,45000,Mumbai ,14-Sep-22,11,30
Suzuki,Burgman,2022,1,1600,100000,Mumbai ,14-Sep-22,12,12
Honda,X-Blade,2020,1,3300,110000,Mumbai ,14-Sep-22,12,15
Bajaj,Pulsar,2020,1,21000,120000,Mumbai ,14-Sep-22,12,28
Honda,Activa,2016,2,36365,35000,Pune ,07-Dec-22,10,33
Bajaj,Pulsar,2015,1,70000,65000,Pune ,07-Dec-22,11,41
Bajaj,Pulsar,2009,1,71000,30000,Pune ,07-Dec-22,10,41
Yamaha,FZ16,2010,1,28000,55000,Pune ,07-Dec-22,11,30
Hero,Honda,2008,2,33755,20000,Pune ,05-Dec-22,10,32
Bajaj,Avenger,2011,1,95000,35000,Pune ,05-Dec-22,10,46
Hero,Passion,2014,1,38600,40000,Pune ,05-Dec-22,11,34
Honda,Shine,2011,1,40000,40000,Pune ,05-Dec-22,11,34
Yamaha,FZ16,2009,1,27000,50000,Pune ,05-Dec-22,11,30
Bajaj,Avenger,2015,1,18000,65000,Pune ,05-Dec-22,11,26
TVS,Apache,2019,1,1500,95000,Pune ,02-Dec-22,11,11
Honda,Activa,2010,1,4000,20000,Pune ,02-Dec-22,10,16
Bajaj,Dominar,2019,1,14000,170000,Pune ,01-Dec-22,12,24
Royal,Enfield,2013,2,4000,90000,Pune ,01-Dec-22,11,16
TVS,Scooty,2009,1,15000,17000,Pune ,01-Dec-22,10,25
Yamaha,FZ,2015,1,45000,60000,Pune ,01-Dec-22,11,36
Benling,Aura,2021,1,18000,60000,Pune ,01-Dec-22,11,26
Bajaj,Avenger,2017,1,17600,80000,Pune ,01-Dec-22,11,26
Bajaj,Avenger,2017,1,25000,80000,Pune ,01-Dec-22,11,29
Yamaha,YZF,2012,2,71000,48000,Pune ,29-Nov-22,11,41
Hero,Honda,2009,1,71600,60000,Pune ,29-Nov-22,11,42
Royal,Enfield,2021,1,3500,320000,Pune ,29-Nov-22,13,15
Bajaj,Avenger,2018,1,8500,85000,Pune ,29-Nov-22,11,20
Bajaj,Discover,2012,2,100000,20000,Pune ,29-Nov-22,10,46
Bajaj,Dominar,2017,2,13000,125000,Pune ,29-Nov-22,12,24
Hero,Splendor,2012,1,53329,40000,Pune ,27-Nov-22,11,38
Honda,Activa,2016,1,13789,45000,Pune ,27-Nov-22,11,24
Yamaha,FZ,2014,1,33000,40000,Pune ,27-Nov-22,11,32
Bajaj,Discover,2012,2,100000,15000,Pune ,27-Nov-22,10,46
Bajaj,Pulsar,2015,1,80000,35000,Pune ,27-Nov-22,10,43
Suzuki,Access,2016,1,42000,40000,Pune ,27-Nov-22,11,35
Bajaj,Pulsar,2018,2,24600,100000,Pune ,24-Nov-22,12,29
Hero,Xpulse,2022,1,3000,140000,Pune ,24-Nov-22,12,14
Suzuki,Intruder,2018,1,35500,75000,Pune ,24-Nov-22,11,33
TVS,Apache,2010,1,77000,30000,Pune ,24-Nov-22,10,43
TVS,Apache,2010,1,77000,30000,Pune ,24-Nov-22,10,43
Honda,CB,2015,1,60000,50000,Pune ,24-Nov-22,11,39
TVS,Apache,2012,1,45000,45000,Pune ,23-Nov-22,11,36
Royal,Enfield,2015,1,64222,125000,Pune ,23-Nov-22,12,40
Bajaj,Pulsar,2016,1,16800,85000,Pune ,21-Nov-22,11,26
BMW,G310GS,2018,1,10000,230000,Pune ,21-Nov-22,12,22
Bajaj,Avenger,2015,2,40000,45000,Pune ,21-Nov-22,11,34
Honda,Shine,2020,1,36000,60000,Pune ,21-Nov-22,11,33
Royal,Enfield,2018,1,22900,150000,Pune ,20-Nov-22,12,28
Triumph,Rocket,2020,1,1327,2100000,Pune ,19-Nov-22,15,11
Hero,Splendor,2015,1,85000,45000,Pune ,18-Nov-22,11,44
Honda,Dio,2009,2,50000,22000,Pune ,18-Nov-22,10,37
TVS,Apache,2022,1,2000,140000,Pune ,18-Nov-22,12,13
Jawa,42,2020,1,3150,169000,Pune ,17-Nov-22,12,15
Yezdi,Roadster,2022,1,1500,220000,Pune ,17-Nov-22,12,11
Hero,Karizma,2010,1,20000,50000,Pune ,17-Nov-22,11,27
Royal,Enfield,2016,1,38000,120000,Pune ,17-Nov-22,12,34
TVS,Apache,2020,1,5500,240000,Pune ,17-Nov-22,12,18
Royal,Enfield,2017,1,17600,130000,Pune ,16-Nov-22,12,26
Bajaj,Pulsar,2019,1,13800,63000,Pune ,16-Nov-22,11,24
TVS,Apache,2011,1,55000,35000,Pune ,16-Nov-22,10,38
Hero,Karizma,2010,1,20000,50000,Pune ,16-Nov-22,11,27
Royal,Enfield,2015,2,28700,100000,Pune ,16-Nov-22,12,31
Bajaj,Pulsar,2014,1,37500,30000,Pune ,14-Nov-22,10,33
KTM,250,2020,1,5000,220000,Pune ,12-Nov-22,12,17
Yamaha,Fazer,2011,2,40000,35000,Pune ,10-Nov-22,10,34
Honda,Activa,2021,1,16000,85000,Pune ,10-Nov-22,11,25
TVS,Apache,2018,2,16277,170000,Pune ,10-Nov-22,12,25
KTM,250,2020,1,10500,185000,Pune ,10-Nov-22,12,22
Vespa,VXL,2021,1,2800,120000,Pune ,10-Nov-22,12,14
Bajaj,Pulsar,2014,1,80000,42000,Pune ,10-Nov-22,11,43
Hero,Duet,2017,1,45000,35000,Pune ,10-Nov-22,10,36
Yamaha,FZ,2017,1,36000,65000,Pune ,10-Nov-22,11,33
TVS,Apache,2020,1,30000,80000,Pune ,10-Nov-22,11,31
Hyosung,Aquila,2017,1,12000,250000,Pune ,10-Nov-22,12,23
Bajaj,Pulsar,2014,1,11000,40000,Pune ,08-Nov-22,11,22
Bajaj,Avenger,2012,1,5000,59000,Pune ,08-Nov-22,11,17
TVS,Jupiter,2014,1,26500,35000,Pune ,08-Nov-22,10,30
Suzuki,Access,2010,1,38000,25000,Pune ,08-Nov-22,10,34
Honda,Activa,2007,1,77000,15000,Pune ,08-Nov-22,10,43
Honda,Dio,2009,1,170000,25000,Pune ,08-Nov-22,10,55
Suzuki,Access,2013,2,22000,32000,Pune ,08-Nov-22,10,28
Suzuki,Swish,2013,1,29500,42000,Pune ,08-Nov-22,11,31
Honda,CB,2018,1,48000,60000,Pune ,03-Nov-22,11,36
Hero,Karizma,2010,3,48000,45000,Pune ,03-Nov-22,11,36
TVS,Apache,2015,1,20400,60000,Pune ,03-Nov-22,11,27
Yamaha,FZ16,2010,1,10100,70000,Pune ,03-Nov-22,11,22
Honda,CB,2019,1,5000,85000,Pune ,03-Nov-22,11,17
Vespa,VX,2017,1,17000,90000,Pune ,03-Nov-22,11,26
Honda,CB,2020,1,20000,100000,Pune ,03-Nov-22,12,27
Honda,Dream,2013,1,23900,45000,Pune ,30-Oct-22,11,29
Bajaj,Avenger,2017,2,32000,75000,Pune ,30-Oct-22,11,32
Honda,Activa,2019,1,25000,68000,Pune ,30-Oct-22,11,29
KTM,390,2017,1,14229,200000,Pune ,28-Oct-22,12,24
Bajaj,Discover,2011,1,22000,10000,Pune ,28-Oct-22,9,28
Mahindra,Gusto,2015,2,33000,25000,Pune ,26-Oct-22,10,32
Bajaj,Discover,2013,1,90000,35000,Pune ,26-Oct-22,10,45
Hero,Honda,2003,1,72000,39900,Pune ,25-Oct-22,11,42
Mahindra,Rodeo,2012,1,22000,39900,Pune ,25-Oct-22,11,28
KTM,390,2021,1,3738,270000,Pune ,25-Oct-22,13,16
Royal,Enfield,2010,1,61000,80000,Pune ,24-Oct-22,11,39
Suzuki,Access,2013,1,60000,20000,Pune ,24-Oct-22,10,39
Bajaj,Pulsar,2010,1,90000,40000,Pune ,24-Oct-22,11,45
Yamaha,FZ,2020,1,26800,90000,Pune ,21-Oct-22,11,30
Honda,Aviator,2010,1,45000,40000,Pune ,20-Oct-22,11,36
Yamaha,FZ,2013,1,50000,40000,Pune ,18-Oct-22,11,37
Hero,Honda,2010,2,40000,40000,Pune ,18-Oct-22,11,34
Honda,Shine,2018,1,53777,77000,Pune ,18-Oct-22,11,38
Honda,CBF,2010,1,50000,25000,Pune ,17-Oct-22,10,37
Hero,Pleasure,2013,1,20000,25000,Pune ,17-Oct-22,10,27
Yamaha,FZ,2014,2,32000,45000,Pune ,17-Oct-22,11,32
Bajaj,Pulsar,2019,1,29000,80000,Pune ,17-Oct-22,11,31
Royal,Enfield,2016,1,6500,160000,Pune ,17-Oct-22,12,19
Hero,Honda,2009,1,30000,25000,Pune ,16-Oct-22,10,31
Hero,Karizma,2014,1,20000,60000,Pune ,16-Oct-22,11,27
Bajaj,Avenger,2015,2,25000,60000,Pune ,16-Oct-22,11,29
Yamaha,FZ,2018,1,31000,75000,Pune ,16-Oct-22,11,31
Bajaj,Pulsar,2020,1,12500,100000,Pune ,16-Oct-22,12,23
Yamaha,Alpha,2017,1,15500,55000,Pune ,14-Oct-22,11,25
TVS,Ntorq,2020,1,11492,65000,Pune ,14-Oct-22,11,23
Suzuki,Access,2015,3,28000,28000,Pune ,14-Oct-22,10,30
KTM,200,2021,1,6000,180000,Pune ,13-Oct-22,12,18
Bajaj,Ct,2017,1,27000,28000,Pune ,13-Oct-22,10,30
Honda,Activa,2021,1,22000,90000,Pune ,13-Oct-22,11,28
Hero,Honda,2011,1,40000,40000,Pune ,12-Oct-22,11,34
TVS,Apache,2017,1,44000,70000,Pune ,12-Oct-22,11,35
Bajaj,Pulsar,2014,1,52423,50000,Pune ,11-Oct-22,11,37
Hero,Karizma,2010,1,55000,30000,Pune ,11-Oct-22,10,38
TVS,Jupiter,2015,1,25500,50000,Pune ,11-Oct-22,11,29
TVS,Streak,2012,2,40000,25000,Pune ,11-Oct-22,10,34
Royal,Enfield,2015,1,31859,100000,Pune ,11-Oct-22,12,32
Hero,Honda,2012,1,97000,25000,Pune ,11-Oct-22,10,46
Hero,HF,2014,1,37000,33000,Pune ,11-Oct-22,10,33
Hero,Splendor,2017,2,15000,50000,Pune ,11-Oct-22,11,25
Bajaj,Pulsar,2015,1,13000,60000,Pune ,11-Oct-22,11,24
Yamaha,FZ16,2017,1,10000,80000,Pune ,11-Oct-22,11,22
KTM,390,2021,1,3500,350000,Pune ,06-Oct-22,13,15
Triumph,Street,2020,1,9000,1099000,Pune ,06-Oct-22,14,21
Vespa,VX,2014,1,9835,30000,Pune ,06-Oct-22,10,21
Mahindra,Duro,2013,2,13000,22000,Pune ,06-Oct-22,10,24
Yamaha,Ray,2012,1,25000,22000,Pune ,06-Oct-22,10,29
Bajaj,Xcd,2008,1,35000,40000,Pune ,06-Oct-22,11,33
Aprilia,SR,2019,1,22000,50000,Pune ,06-Oct-22,11,28
Bajaj,Pulsar,2011,1,44500,49000,Pune ,06-Oct-22,11,35
Honda,Activa,2016,1,37244,40000,Pune ,06-Oct-22,11,33
Jawa,42,2021,1,450,185000,Pune ,06-Oct-22,12,8
Yamaha,FZ,2021,1,4500,110000,Pune ,04-Oct-22,12,17
Honda,CBF,2009,2,50000,30000,Pune ,03-Oct-22,10,37
Hero,Honda,2000,1,50000,40000,Pune ,03-Oct-22,11,37
Suzuki,Access,2010,1,40000,28000,Pune ,03-Oct-22,10,34
Bajaj,Avenger,2017,1,18000,79000,Pune ,01-Oct-22,11,26
Kawasaki,Ninja,2019,1,15000,260000,Pune ,30-Sep-22,12,25
Yamaha,YZF,2020,1,29616,130000,Pune ,30-Sep-22,12,31
Honda,CBF,2008,2,53890,15000,Pune ,30-Sep-22,10,38
Honda,CB,2012,1,15000,55000,Pune ,29-Sep-22,11,25
Suzuki,Gixxer,2019,1,9847,110000,Pune ,28-Sep-22,12,21
Yamaha,YBR,2010,2,50000,20000,Pune ,28-Sep-22,10,37
Bajaj,Avenger,2016,1,40000,75000,Pune ,26-Sep-22,11,34
Bajaj,Pulsar,2014,1,35000,45000,Pune ,26-Sep-22,11,33
KTM,250,2017,1,30000,150000,Pune ,26-Sep-22,12,31
KTM,250,2021,1,9000,220000,Pune ,26-Sep-22,12,21
Bajaj,Pulsar,2005,1,100000,10000,Pune ,26-Sep-22,9,46
Honda,Activa,2016,1,53351,40000,Pune ,26-Sep-22,11,38
Honda,Dream,2016,1,14000,45000,Pune ,26-Sep-22,11,24
Yamaha,FZ,2016,1,40000,70000,Pune ,26-Sep-22,11,34
Yamaha,YZF,2018,1,15500,105000,Pune ,26-Sep-22,12,25
Honda,SP,2020,1,18000,76000,Pune ,24-Sep-22,11,26
Hero,Pleasure,2013,1,35000,35000,Pune ,24-Sep-22,10,33
Royal,Enfield,2016,1,31000,100000,Pune ,24-Sep-22,12,31
Bajaj,Avenger,2016,1,26380,70000,Pune ,22-Sep-22,11,30
Royal,Enfield,2003,3,40000,90000,Pune ,22-Sep-22,11,34
Bajaj,Pulsar,2015,1,38000,55000,Pune ,21-Sep-22,11,34
Suzuki,Access,2019,1,15000,60000,Pune ,21-Sep-22,11,25
TVS,Apache,2020,1,5760,98000,Pune ,20-Sep-22,11,18
Royal,Enfield,2020,1,4000,330000,Pune ,20-Sep-22,13,16
Yamaha,FZ,2019,1,12500,88000,Pune ,20-Sep-22,11,23
Bajaj,Pulsar,2015,1,13600,75000,Pune ,20-Sep-22,11,24
KTM,390,2017,3,20000,195000,Pune ,20-Sep-22,12,27
Honda,Activa,2017,1,22600,49500,Pune ,19-Sep-22,11,28
Hero,Honda,2008,1,100000,25000,Pune ,19-Sep-22,10,46
Hero,Honda,2007,1,25000,25000,Pune ,19-Sep-22,10,29
Hero,Honda,2009,1,57000,30000,Pune ,19-Sep-22,10,38
Honda,Shine,2020,1,40100,75000,Pune ,19-Sep-22,11,34
Bajaj,Pulsar,2020,1,28000,125000,Pune ,19-Sep-22,12,30
Royal,Enfield,2012,2,20000,150000,Pune ,19-Sep-22,12,27
Royal,Enfield,2020,1,7500,180000,Pune ,19-Sep-22,12,20
Honda,Shine,2014,1,51330,48000,Pune ,16-Sep-22,11,37
Bajaj,Pulsar,2014,1,34900,65000,Pune ,15-Sep-22,11,33
TVS,Star,2018,1,80000,35000,Pune ,15-Sep-22,10,43
TVS,Ntorq,2020,2,23000,70000,Pune ,15-Sep-22,11,28
Royal,Enfield,2019,1,27000,160000,Pune ,14-Sep-22,12,30
Bajaj,Pulsar,2019,1,40000,95000,Pune ,14-Sep-22,11,34
Hero,Xpulse,2020,1,30000,100000,Pune ,14-Sep-22,12,31
Yamaha,FZ,2021,2,5000,120000,Pune ,14-Sep-22,12,17
Bajaj,Pulsar,2019,1,12000,140000,Pune ,14-Sep-22,12,23
Suzuki,Gixxer,2015,1,30171,45000,Pune ,13-Sep-22,11,31
Royal,Enfield,2019,1,6000,160000,Pune ,13-Sep-22,12,18
Harley-Davidson,Sportster,2017,1,3000,750000,Pune ,13-Sep-22,14,14
Royal,Enfield,2014,1,35000,120000,Pune ,13-Sep-22,12,33
TVS,Victor,2016,1,80000,55000,Pune ,13-Sep-22,11,43
Royal,Enfield,2019,1,1200,295000,Pune ,13-Sep-22,13,11
Honda,Activa,2019,1,8000,70000,Pune ,13-Sep-22,11,20
Jawa,42,2019,1,25000,125000,Pune ,13-Sep-22,12,29
Vespa,SXL,2018,1,24000,80000,Chennai ,07-Dec-22,11,29
Honda,CB,2013,1,29000,40000,Chennai ,07-Dec-22,11,31
Honda,Activa,2017,1,18000,60000,Chennai ,07-Dec-22,11,26
Honda,CB,2018,1,8519,45000,Chennai ,06-Dec-22,11,20
Yamaha,YZF,2011,1,38000,62000,Chennai ,06-Dec-22,11,34
Bajaj,Pulsar,2011,2,46000,40000,Chennai ,05-Dec-22,11,36
Hero,Passion,2020,1,30000,60000,Chennai ,05-Dec-22,11,31
Honda,Dio,2019,1,46000,65000,Chennai ,02-Dec-22,11,36
Honda,CB,2016,1,32000,40000,Chennai ,30-Nov-22,11,32
Bajaj,Platina,2012,1,28000,27000,Chennai ,30-Nov-22,10,30
Bajaj,Pulsar,2011,1,44000,40000,Chennai ,29-Nov-22,11,35
Bajaj,Platina,2018,2,19000,50000,Chennai ,29-Nov-22,11,27
Yamaha,FZ,2018,1,10000,70000,Chennai ,29-Nov-22,11,22
Bajaj,Pulsar,2019,1,17700,100000,Chennai ,29-Nov-22,12,26
KTM,250,2018,1,54000,140000,Chennai ,29-Nov-22,12,38
Royal,Enfield,2015,1,28000,130000,Chennai ,27-Nov-22,12,30
Hero,Passion,2021,1,15000,62000,Chennai ,27-Nov-22,11,25
Bajaj,Pulsar,2007,1,60000,15000,Chennai ,24-Nov-22,10,39
Hero,Honda,2012,1,22000,32000,Chennai ,24-Nov-22,10,28
Benelli,TNT,2019,1,20000,110000,Chennai ,24-Nov-22,12,27
Bajaj,Pulsar,2019,1,33250,115000,Chennai ,24-Nov-22,12,32
Royal,Enfield,2016,2,31000,140000,Chennai ,24-Nov-22,12,31
KTM,390,2015,2,23000,150000,Chennai ,24-Nov-22,12,28
Yamaha,MT,2021,1,13500,180000,Chennai ,24-Nov-22,12,24
Hero,Passion,2020,1,14460,62000,Chennai ,20-Nov-22,11,24
Bajaj,Dominar,2017,1,12850,135000,Chennai ,19-Nov-22,12,23
Jawa,Standard,2019,1,46000,130000,Chennai ,19-Nov-22,12,36
Benelli,Imperiale,2020,1,7500,180000,Chennai ,19-Nov-22,12,20
Yamaha,FZ25,2018,1,40000,85000,Chennai ,17-Nov-22,11,34
Yamaha,Rx,1999,2,60000,75000,Chennai ,17-Nov-22,11,39
Bajaj,Avenger,2016,1,30000,68000,Chennai ,17-Nov-22,11,31
Jawa,Standard,2000,1,20000,150000,Chennai ,17-Nov-22,12,27
Bajaj,Avenger,2018,1,27440,70000,Chennai ,16-Nov-22,11,30
Bajaj,Pulsar,2008,1,100000,10000,Chennai ,16-Nov-22,9,46
Suzuki,GS150R,2015,1,110000,50000,Chennai ,16-Nov-22,11,48
Hero,Honda,2011,1,60000,20000,Chennai ,14-Nov-22,10,39
Bajaj,Discover,2015,1,71000,30000,Chennai ,14-Nov-22,10,41
Bajaj,Discover,2011,1,62900,20000,Chennai ,12-Nov-22,10,40
TVS,Apache,2018,2,35000,80000,Chennai ,10-Nov-22,11,33
Honda,Dream,2014,1,58000,30000,Chennai ,10-Nov-22,10,39
Yamaha,R15,2022,1,700,212000,Chennai ,10-Nov-22,12,9
Yezdi,Scrambler,2022,1,3200,210000,Chennai ,10-Nov-22,12,15
Royal,Enfield,2018,1,35000,150000,Chennai ,08-Nov-22,12,33
Suzuki,SlingShot,2011,1,20409,17000,Chennai ,08-Nov-22,10,27
Hero,Honda,2007,1,25000,18000,Chennai ,08-Nov-22,10,29
Bajaj,Pulsar,2018,1,48000,75000,Chennai ,08-Nov-22,11,36
Honda,CB,2012,1,60000,25000,Chennai ,08-Nov-22,10,39
Yamaha,Ray,2014,1,35000,35000,Chennai ,08-Nov-22,10,33
Aprilia,SR150,2017,1,12666,70000,Chennai ,08-Nov-22,11,23
TVS,Apache,2020,1,7500,90000,Chennai ,08-Nov-22,11,20
Bajaj,Pulsar,2017,1,30000,70000,Chennai ,03-Nov-22,11,31
Hero,Pleasure,2013,1,56760,18500,Chennai ,30-Oct-22,10,38
Hero,Honda,2007,2,60000,20000,Chennai ,30-Oct-22,10,39
Yamaha,Fazer,2011,1,30000,38000,Chennai ,30-Oct-22,11,31
Yamaha,FZ,2022,1,3300,135000,Chennai ,30-Oct-22,12,15
Yamaha,SZ-RR,2016,1,50000,35000,Chennai ,27-Oct-22,10,37
Yamaha,YZF,2009,1,30000,45000,Chennai ,27-Oct-22,11,31
Hero,Honda,2012,1,30000,20000,Chennai ,26-Oct-22,10,31
TVS,Scooty,2017,1,6000,40000,Chennai ,26-Oct-22,11,18
Yamaha,YZF,2020,1,20000,150000,Chennai ,26-Oct-22,12,27
Royal,Enfield,2019,1,9000,275000,Chennai ,26-Oct-22,13,21
Royal,Enfield,2019,2,21000,150000,Chennai ,25-Oct-22,12,28
Yamaha,YZF,2020,1,4500,140000,Chennai ,25-Oct-22,12,17
Bajaj,Pulsar,2016,2,49000,35000,Chennai ,24-Oct-22,10,37
Yamaha,FZ16,2014,1,66000,35000,Chennai ,24-Oct-22,10,40
Hero,Passion,2018,1,24000,40000,Chennai ,24-Oct-22,11,29
Bajaj,Discover125,2005,2,86000,10000,Chennai ,21-Oct-22,9,44
Bajaj,Caliber,2006,2,100000,10000,Chennai ,20-Oct-22,9,46
Honda,Shine,2013,1,38000,20000,Chennai ,20-Oct-22,10,34
Bajaj,Dominar,2018,1,40600,120000,Chennai ,17-Oct-22,12,34
BMW,G,2020,1,11000,280000,Chennai ,17-Oct-22,13,22
Royal,Enfield,2015,2,70000,100000,Chennai ,17-Oct-22,12,41
TVS,Apache,2021,1,14500,140000,Chennai ,17-Oct-22,12,24
Honda,Shine,2006,1,36000,20000,Chennai ,16-Oct-22,10,33
Bajaj,Pulsar,2012,1,80000,30000,Chennai ,16-Oct-22,10,43
KTM,200,2016,1,20000,110000,Chennai ,14-Oct-22,12,27
TVS,Scooty,2010,1,18945,10000,Chennai ,14-Oct-22,9,27
BMW,G,2018,1,25250,170000,Chennai ,13-Oct-22,12,29
KTM,200,2019,1,64000,150000,Chennai ,13-Oct-22,12,40
Honda,Dio,2017,1,40000,40000,Chennai ,13-Oct-22,11,34
Bajaj,Pulsar,2019,1,8500,150000,Chennai ,13-Oct-22,12,20
Yamaha,FZ,2014,1,34500,40000,Chennai ,11-Oct-22,11,33
Yamaha,FZ,2012,1,40000,35000,Chennai ,11-Oct-22,10,34
Suzuki,MAX100,1999,1,50000,10000,Chennai ,11-Oct-22,9,37
TVS,Scooty,2012,2,16000,14000,Chennai ,11-Oct-22,10,25
TVS,XL100,2013,1,25000,15000,Chennai ,11-Oct-22,10,29
Hero,Honda,2010,1,59000,20000,Chennai ,11-Oct-22,10,39
Hero,Honda,2009,1,60000,22000,Chennai ,11-Oct-22,10,39
Yamaha,Fazer,2011,1,80000,30000,Chennai ,11-Oct-22,10,43
TVS,Apache,2018,1,60000,70000,Chennai ,11-Oct-22,11,39
Bajaj,Avenger,2019,1,11000,90000,Chennai ,11-Oct-22,11,22
Royal,Enfield,2017,1,22000,170000,Chennai ,11-Oct-22,12,28
TVS,Apache,2018,2,48000,55000,Chennai ,06-Oct-22,11,36
Aprilia,Storm,2020,1,13000,85000,Chennai ,06-Oct-22,11,24
Royal,Enfield,2021,1,4800,205000,Chennai ,06-Oct-22,12,17
Royal,Enfield,2022,1,2150,375000,Chennai ,06-Oct-22,13,13
Royal,Enfield,2013,1,15000,120000,Chennai ,06-Oct-22,12,25
TVS,Jive,2010,1,64150,12000,Chennai ,06-Oct-22,9,40
Yamaha,Rx,2004,1,46000,80000,Chennai ,06-Oct-22,11,36
Yamaha,FZ,2020,1,18000,90000,Chennai ,06-Oct-22,11,26
Honda,Activa,2016,1,76900,40000,Chennai ,01-Oct-22,11,43
Honda,CB,2018,1,31500,55000,Chennai ,01-Oct-22,11,32
TVS,Apache,2022,1,9000,140000,Chennai ,30-Sep-22,12,21
Yamaha,MT,2021,1,13000,170000,Chennai ,30-Sep-22,12,24
Yamaha,FZ,2019,1,30000,55000,Chennai ,28-Sep-22,11,31
TVS,Ntorq,2019,1,8210,70000,Chennai ,28-Sep-22,11,20
Jawa,Perak,2021,1,6000,205000,Chennai ,26-Sep-22,12,18
Bajaj,Discover125,2012,1,65000,20000,Chennai ,26-Sep-22,10,40
Hero,Honda,2011,1,36000,25000,Chennai ,26-Sep-22,10,33
Bajaj,Avenger,2016,1,40000,70000,Chennai ,26-Sep-22,11,34
Yamaha,Ray,2014,1,5000,40000,Chennai ,24-Sep-22,11,17
Royal,Enfield,2016,1,18475,140000,Chennai ,21-Sep-22,12,26
Honda,Activa,2019,1,24750,72000,Chennai ,21-Sep-22,11,29
Honda,Activa,2019,1,24750,68000,Chennai ,21-Sep-22,11,29
Yamaha,YZF,2018,1,31000,85000,Chennai ,21-Sep-22,11,31
Royal,Enfield,2017,1,19000,140000,Chennai ,20-Sep-22,12,27
Yezdi,Roadster,2022,1,2500,200000,Chennai ,20-Sep-22,12,14
Bajaj,Pulsar,2019,1,16000,60000,Chennai ,19-Sep-22,11,25
Honda,CB,2019,1,13000,75000,Chennai ,19-Sep-22,11,24
Yamaha,FZ,2014,1,39000,60000,Chennai ,16-Sep-22,11,34
Bajaj,Pulsar,2017,1,21000,80000,Chennai ,16-Sep-22,11,28
TVS,Apache,2018,1,36000,70000,Chennai ,15-Sep-22,11,33
Benelli,TNT,2018,1,24000,140000,Chennai ,14-Sep-22,12,29
Yamaha,Fazer,2016,1,79361,50000,Chennai ,14-Sep-22,11,43
KTM,200,2017,1,25000,120000,Chennai ,14-Sep-22,12,29
Yezdi,Adventure,2022,1,3200,230000,Chennai ,14-Sep-22,12,15
Bajaj,Pulsar,2019,2,16387,81000,Chennai ,13-Sep-22,11,25
Honda,Activa,2014,1,24000,35000,Chennai ,13-Sep-22,10,29
Suzuki,Gixxer,2016,1,18000,60000,Chennai ,13-Sep-22,11,26
Royal,Enfield,2020,1,6500,190000,Chennai ,13-Sep-22,12,19
Royal,Enfield,2021,1,4500,210000,Chennai ,12-Sep-22,12,17
Royal,Enfield,2021,1,4200,295000,Chennai ,12-Sep-22,13,16
Yamaha,Fascino,2017,1,19000,34000,Chennai ,12-Sep-22,10,27
Yamaha,Ray,2018,1,4900,50000,Chennai ,12-Sep-22,11,17
Bajaj,Pulsar,2020,1,20134,90000,Chennai ,12-Sep-22,11,27
Yamaha,Ray,2018,1,6475,50000,Chennai ,10-Sep-22,11,19
Bajaj,Avenger,2014,1,15000,50000,Chennai ,10-Sep-22,11,25
